times,C_5,C_10,C_20,C_30,C_40,C_50,C_60,C_70,C_80,C_90,chi
0.05,9.761377663763484597917575182047429161868406926347383617548203460501099471002817e-18,4.882051307708743504344127833167809339528996133997446396635133680774742970243096e-18,4.882051307708743504344127833167809339528996133997446396635133680774742970243096e-18,4.882051307708743504344127833167809339528996133997446396635133680774742970243096e-18,4.882051307708743504344127833167809339528996133997446396635133680774742970243096e-18,4.882051307708743504344127833167809339528996133997446396635133680774742970243096e-18,4.882051307708743504344127833167809339528996133997446396635133680774742970243096e-18,4.882051307708743504344127833167809339528996133997446396635133680774742970243096e-18,4.882051307708743504344127833167809339528996133997446396635133680774742970243096e-18,4.882051307708743504344127833167809339528996133997446396635133680774742970243096e-18,8
0.1,9.76137768261635273450996206585378189532045179778452226315721418359316885471344e-18,4.882051145750047591626724658622745113760099353614283629321235480347240809351206e-18,4.882051145750047591626724658622745113760099353614283629321235480347240809351206e-18,4.882051145750047591626724658622745113760099353614283629321235480347240809351206e-18,4.882051145750047591626724658622745113760099353614283629321235480347240809351206e-18,4.882051145750047591626724658622745113760099353614283629321235480347240809351206e-18,4.882051145750047591626724658622745113760099353614283629321235480347240809351206e-18,4.882051145750047591626724658622745113760099353614283629321235480347240809351206e-18,4.882051145750047591626724658622745113760099353614283629321235480347240809351206e-18,4.882051145750047591626724658622745113760099353614283629321235480347240809351206e-18,8
0.15,9.761377701343285082410845352123145453498045305833381857230079958753776736557484e-18,4.882050888639514744182549607761438578705470484709683445800898482502816477790475e-18,4.882050888639514744182549607761438578705470484709683445800898482502816477790475e-18,4.882050888639514744182549607761438578705470484709683445800898482502816477790475e-18,4.882050888639514744182549607761438578705470484709683445800898482502816477790475e-18,4.882050888639514744182549607761438578705470484709683445800898482502816477790475e-18,4.882050888639514744182549607761438578705470484709683445800898482502816477790475e-18,4.882050888639514744182549607761438578705470484709683445800898482502816477790475e-18,4.882050888639514744182549607761438578705470484709683445800898482502816477790475e-18,4.882050888639514744182549607761438578705470484709683445800898482502816477790475e-18,8
0.2,9.761377719759811449314949061483770934713340908098818532456775187711173202842474e-18,4.882050536286966759039570258789079067963866958462272604979403922698111273348331e-18,4.882050536286966759039570258789079067963866958462272604979403922698111273348331e-18,4.882050536286966759039570258789079067963866958462272604979403922698111273348331e-18,4.882050536286966759039570258789079067963866958462272604979403922698111273348331e-18,4.882050536286966759039570258789079067963866958462272604979403922698111273348331e-18,4.882050536286966759039570258789079067963866958462272604979403922698111273348331e-18,4.882050536286966759039570258789079067963866958462272604979403922698111273348331e-18,4.882050536286966759039570258789079067963866958462272604979403922698111273348331e-18,4.882050536286966759039570258789079067963866958462272604979403922698111273348331e-18,8
0.25,9.761377737526274830230140278890706069012060822683452682158034008352842647582293e-18,4.882050088525467880478189782434480525427912444755805532192738382946117781102657e-18,4.882050088525467880478189782434480525427912444755805532192738382946117781102657e-18,4.882050088525467880478189782434480525427912444755805532192738382946117781102657e-18,4.882050088525467880478189782434480525427912444755805532192738382946117781102657e-18,4.882050088525467880478189782434480525427912444755805532192738382946117781102657e-18,4.882050088525467880478189782434480525427912444755805532192738382946117781102657e-18,4.882050088525467880478189782434480525427912444755805532192738382946117781102657e-18,4.882050088525467880478189782434480525427912444755805532192738382946117781102657e-18,4.882050088525467880478189782434480525427912444755805532192738382946117781102657e-18,8
0.30000000000000004,9.761377754088355609306840290906061729741765336707502720425821962635382078588009e-18,4.882049545080281890815635719576184030414335959688039781600998878730024443939328e-18,4.882049545080281890815635719576184030414335959688039781600998878730024443939328e-18,4.882049545080281890815635719576184030414335959688039781600998878730024443939328e-18,4.882049545080281890815635719576184030414335959688039781600998878730024443939328e-18,4.882049545080281890815635719576184030414335959688039781600998878730024443939328e-18,4.882049545080281890815635719576184030414335959688039781600998878730024443939328e-18,4.882049545080281890815635719576184030414335959688039781600998878730024443939328e-18,4.882049545080281890815635719576184030414335959688039781600998878730024443939328e-18,4.882049545080281890815635719576184030414335959688039781600998878730024443939328e-18,8
0.35000000000000003,9.761377768591748241069803508042584776348278322271982687663438582603703252971172e-18,4.882048905526802867072742956162644237877323747195517159025435205421672435477376e-18,4.882048905526802867072742956162644237877323747195517159025435205421672435477376e-18,4.882048905526802867072742956162644237877323747195517159025435205421672435477376e-18,4.882048905526802867072742956162644237877323747195517159025435205421672435477376e-18,4.882048905526802867072742956162644237877323747195517159025435205421672435477376e-18,4.882048905526802867072742956162644237877323747195517159025435205421672435477376e-18,4.882048905526802867072742956162644237877323747195517159025435205421672435477376e-18,4.882048905526802867072742956162644237877323747195517159025435205421672435477376e-18,4.882048905526802867072742956162644237877323747195517159025435205421672435477376e-18,8
0.4,9.76137778203495341630252562300017064033828644958575362911012973654578672721982e-18,4.882048170366488270357527110831411014292421469089712851574525132036797003820539e-18,4.882048170366488270357527110831411014292421469089712851574525132036797003820539e-18,4.882048170366488270357527110831411014292421469089712851574525132036797003820539e-18,4.882048170366488270357527110831411014292421469089712851574525132036797003820539e-18,4.882048170366488270357527110831411014292421469089712851574525132036797003820539e-18,4.882048170366488270357527110831411014292421469089712851574525132036797003820539e-18,4.882048170366488270357527110831411014292421469089712851574525132036797003820539e-18,4.882048170366488270357527110831411014292421469089712851574525132036797003820539e-18,4.882048170366488270357527110831411014292421469089712851574525132036797003820539e-18,8
0.45,9.761377796559941115345914038309839756419415708187537622508855861269694287329912e-18,4.882047340673825201851315634523191567304238551976017582156863738873653346672654e-18,4.882047340673825201851315634523191567304238551976017582156863738873653346672654e-18,4.882047340673825201851315634523191567304238551976017582156863738873653346672654e-18,4.882047340673825201851315634523191567304238551976017582156863738873653346672654e-18,4.882047340673825201851315634523191567304238551976017582156863738873653346672654e-18,4.882047340673825201851315634523191567304238551976017582156863738873653346672654e-18,4.882047340673825201851315634523191567304238551976017582156863738873653346672654e-18,4.882047340673825201851315634523191567304238551976017582156863738873653346672654e-18,4.882047340673825201851315634523191567304238551976017582156863738873653346672654e-18,8
0.5,9.761377809917562586081933921323665294988011869291039818152810880746983457356691e-18,4.882046415326637453461842096998247785845054632958327570091405789298732997849584e-18,4.882046415326637453461842096998247785845054632958327570091405789298732997849584e-18,4.882046415326637453461842096998247785845054632958327570091405789298732997849584e-18,4.882046415326637453461842096998247785845054632958327570091405789298732997849584e-18,4.882046415326637453461842096998247785845054632958327570091405789298732997849584e-18,4.882046415326637453461842096998247785845054632958327570091405789298732997849584e-18,4.882046415326637453461842096998247785845054632958327570091405789298732997849584e-18,4.882046415326637453461842096998247785845054632958327570091405789298732997849584e-18,4.882046415326637453461842096998247785845054632958327570091405789298732997849584e-18,8
0.5499999999999999,9.761377823880835098289296637519710329117175294109855915314355456757766660302877e-18,4.882045395214281725280222025375110386632914483162094809731712530265212990343571e-18,4.882045395214281725280222025375110386632914483162094809731712530265212990343571e-18,4.882045395214281725280222025375110386632914483162094809731712530265212990343571e-18,4.882045395214281725280222025375110386632914483162094809731712530265212990343571e-18,4.882045395214281725280222025375110386632914483162094809731712530265212990343571e-18,4.882045395214281725280222025375110386632914483162094809731712530265212990343571e-18,4.882045395214281725280222025375110386632914483162094809731712530265212990343571e-18,4.882045395214281725280222025375110386632914483162094809731712530265212990343571e-18,4.882045395214281725280222025375110386632914483162094809731712530265212990343571e-18,8
0.6,9.761377836762513057448565247582930374602413876546948279244730883874581195414066e-18,4.882044279495134335329010900811729232669975204095443033214252182006021030247211e-18,4.882044279495134335329010900811729232669975204095443033214252182006021030247211e-18,4.882044279495134335329010900811729232669975204095443033214252182006021030247211e-18,4.882044279495134335329010900811729232669975204095443033214252182006021030247211e-18,4.882044279495134335329010900811729232669975204095443033214252182006021030247211e-18,4.882044279495134335329010900811729232669975204095443033214252182006021030247211e-18,4.882044279495134335329010900811729232669975204095443033214252182006021030247211e-18,4.882044279495134335329010900811729232669975204095443033214252182006021030247211e-18,4.882044279495134335329010900811729232669975204095443033214252182006021030247211e-18,8
0.65,9.761377846972097263494673463146353720815869715453794858150970981114369351416826e-18,4.882043067380976098244666744882614010523919863867702700899187107097532134503126e-18,4.882043067380976098244666744882614010523919863867702700899187107097532134503126e-18,4.882043067380976098244666744882614010523919863867702700899187107097532134503126e-18,4.882043067380976098244666744882614010523919863867702700899187107097532134503126e-18,4.882043067380976098244666744882614010523919863867702700899187107097532134503126e-18,4.882043067380976098244666744882614010523919863867702700899187107097532134503126e-18,4.882043067380976098244666744882614010523919863867702700899187107097532134503126e-18,4.882043067380976098244666744882614010523919863867702700899187107097532134503126e-18,4.882043067380976098244666744882614010523919863867702700899187107097532134503126e-18,8
0.7000000000000001,9.761377859131841153372364468585881656914325326507807234488467429400770924985409e-18,4.882041761190220681037144695349337962916704051320000365410400888777076033875346e-18,4.882041761190220681037144695349337962916704051320000365410400888777076033875346e-18,4.882041761190220681037144695349337962916704051320000365410400888777076033875346e-18,4.882041761190220681037144695349337962916704051320000365410400888777076033875346e-18,4.882041761190220681037144695349337962916704051320000365410400888777076033875346e-18,4.882041761190220681037144695349337962916704051320000365410400888777076033875346e-18,4.882041761190220681037144695349337962916704051320000365410400888777076033875346e-18,4.882041761190220681037144695349337962916704051320000365410400888777076033875346e-18,4.882041761190220681037144695349337962916704051320000365410400888777076033875346e-18,8
0.7500000000000001,9.761377873244605888607019941484814143729284877733405612065809009436634369194508e-18,4.882040360935213294649966934029989908460297150564165258312954165376140736043453e-18,4.882040360935213294649966934029989908460297150564165258312954165376140736043453e-18,4.882040360935213294649966934029989908460297150564165258312954165376140736043453e-18,4.882040360935213294649966934029989908460297150564165258312954165376140736043453e-18,4.882040360935213294649966934029989908460297150564165258312954165376140736043453e-18,4.882040360935213294649966934029989908460297150564165258312954165376140736043453e-18,4.882040360935213294649966934029989908460297150564165258312954165376140736043453e-18,4.882040360935213294649966934029989908460297150564165258312954165376140736043453e-18,4.882040360935213294649966934029989908460297150564165258312954165376140736043453e-18,8
0.8000000000000002,9.761377888463094767977008321072339355635227308729227890804480693986988626420498e-18,4.882038866206885648523306810841138909758483565171777174285239198070485144853592e-18,4.882038866206885648523306810841138909758483565171777174285239198070485144853592e-18,4.882038866206885648523306810841138909758483565171777174285239198070485144853592e-18,4.882038866206885648523306810841138909758483565171777174285239198070485144853592e-18,4.882038866206885648523306810841138909758483565171777174285239198070485144853592e-18,4.882038866206885648523306810841138909758483565171777174285239198070485144853592e-18,4.882038866206885648523306810841138909758483565171777174285239198070485144853592e-18,4.882038866206885648523306810841138909758483565171777174285239198070485144853592e-18,4.882038866206885648523306810841138909758483565171777174285239198070485144853592e-18,8
0.8500000000000002,9.76137790226047229700672107025218978413718729815473640343270744779147207736969e-18,4.882037275761200243263739934176782907404424241093552488957030277560988906770945e-18,4.882037275761200243263739934176782907404424241093552488957030277560988906770945e-18,4.882037275761200243263739934176782907404424241093552488957030277560988906770945e-18,4.882037275761200243263739934176782907404424241093552488957030277560988906770945e-18,4.882037275761200243263739934176782907404424241093552488957030277560988906770945e-18,4.882037275761200243263739934176782907404424241093552488957030277560988906770945e-18,4.882037275761200243263739934176782907404424241093552488957030277560988906770945e-18,4.882037275761200243263739934176782907404424241093552488957030277560988906770945e-18,4.882037275761200243263739934176782907404424241093552488957030277560988906770945e-18,8
0.9000000000000002,9.761377917685625785361103935182080987541324973964535632875438864175521302968264e-18,4.882035591147949823631763975413702462231502055673391937684613139936118386685848e-18,4.882035591147949823631763975413702462231502055673391937684613139936118386685848e-18,4.882035591147949823631763975413702462231502055673391937684613139936118386685848e-18,4.882035591147949823631763975413702462231502055673391937684613139936118386685848e-18,4.882035591147949823631763975413702462231502055673391937684613139936118386685848e-18,4.882035591147949823631763975413702462231502055673391937684613139936118386685848e-18,4.882035591147949823631763975413702462231502055673391937684613139936118386685848e-18,4.882035591147949823631763975413702462231502055673391937684613139936118386685848e-18,4.882035591147949823631763975413702462231502055673391937684613139936118386685848e-18,8
0.9500000000000003,9.761377933011895867394824072261348504243736209473169401773517961373727302998304e-18,4.882033811533178990316506633982375119018070257030910558126990395066968630999327e-18,4.882033811533178990316506633982375119018070257030910558126990395066968630999327e-18,4.882033811533178990316506633982375119018070257030910558126990395066968630999327e-18,4.882033811533178990316506633982375119018070257030910558126990395066968630999327e-18,4.882033811533178990316506633982375119018070257030910558126990395066968630999327e-18,4.882033811533178990316506633982375119018070257030910558126990395066968630999327e-18,4.882033811533178990316506633982375119018070257030910558126990395066968630999327e-18,4.882033811533178990316506633982375119018070257030910558126990395066968630999327e-18,4.882033811533178990316506633982375119018070257030910558126990395066968630999327e-18,8
1.0000000000000002,9.761377947669224227752770276660929755845177265753762757549694129011186305433512e-18,4.882031936669561360603714591422034635159726546861300167101660463231382891535759e-18,4.882031936669561360603714591422034635159726546861300167101660463231382891535759e-18,4.882031936669561360603714591422034635159726546861300167101660463231382891535759e-18,4.882031936669561360603714591422034635159726546861300167101660463231382891535759e-18,4.882031936669561360603714591422034635159726546861300167101660463231382891535759e-18,4.882031936669561360603714591422034635159726546861300167101660463231382891535759e-18,4.882031936669561360603714591422034635159726546861300167101660463231382891535759e-18,4.882031936669561360603714591422034635159726546861300167101660463231382891535759e-18,4.882031936669561360603714591422034635159726546861300167101660463231382891535759e-18,8
1.05,9.761377962724694692910045464702384770778961108799245960376822495163651183247566e-18,4.882029967136083090698700523082169880406361353169250941186341208322119200602174e-18,4.882029967136083090698700523082169880406361353169250941186341208322119200602174e-18,4.882029967136083090698700523082169880406361353169250941186341208322119200602174e-18,4.882029967136083090698700523082169880406361353169250941186341208322119200602174e-18,4.882029967136083090698700523082169880406361353169250941186341208322119200602174e-18,4.882029967136083090698700523082169880406361353169250941186341208322119200602174e-18,4.882029967136083090698700523082169880406361353169250941186341208322119200602174e-18,4.882029967136083090698700523082169880406361353169250941186341208322119200602174e-18,4.882029967136083090698700523082169880406361353169250941186341208322119200602174e-18,8
1.1,9.761377977336608084435385137898223617711895510966856048806761236846796236932278e-18,4.8820279025660810155571559378919364397015940092259145971498313087977294344455e-18,4.8820279025660810155571559378919364397015940092259145971498313087977294344455e-18,4.8820279025660810155571559378919364397015940092259145971498313087977294344455e-18,4.8820279025660810155571559378919364397015940092259145971498313087977294344455e-18,4.8820279025660810155571559378919364397015940092259145971498313087977294344455e-18,4.8820279025660810155571559378919364397015940092259145971498313087977294344455e-18,4.8820279025660810155571559378919364397015940092259145971498313087977294344455e-18,4.8820279025660810155571559378919364397015940092259145971498313087977294344455e-18,4.8820279025660810155571559378919364397015940092259145971498313087977294344455e-18,9
1.1500000000000001,9.761377991278373351767786713876021934960624535434093457242354929803695995360613e-18,4.882025742910533284746625889341988672886044809036149710879115559691854286938906e-18,4.882025742910533284746625889341988672886044809036149710879115559691854286938906e-18,4.882025742910533284746625889341988672886044809036149710879115559691854286938906e-18,4.882025742910533284746625889341988672886044809036149710879115559691854286938906e-18,4.882025742910533284746625889341988672886044809036149710879115559691854286938906e-18,4.882025742910533284746625889341988672886044809036149710879115559691854286938906e-18,4.882025742910533284746625889341988672886044809036149710879115559691854286938906e-18,4.882025742910533284746625889341988672886044809036149710879115559691854286938906e-18,4.882025742910533284746625889341988672886044809036149710879115559691854286938906e-18,9
1.2000000000000002,9.761378003722912976613773588744690775732060722760536491948712978228286374360323e-18,4.882023487830762806430681687989409191582623181722248861813540088405716232955456e-18,4.882023487830762806430681687989409191582623181722248861813540088405716232955456e-18,4.882023487830762806430681687989409191582623181722248861813540088405716232955456e-18,4.882023487830762806430681687989409191582623181722248861813540088405716232955456e-18,4.882023487830762806430681687989409191582623181722248861813540088405716232955456e-18,4.882023487830762806430681687989409191582623181722248861813540088405716232955456e-18,4.882023487830762806430681687989409191582623181722248861813540088405716232955456e-18,4.882023487830762806430681687989409191582623181722248861813540088405716232955456e-18,4.882023487830762806430681687989409191582623181722248861813540088405716232955456e-18,9
1.2500000000000002,9.761378014319661486776203543587568811005125262716605738511077561270212754607201e-18,4.882021137239752213862019243521422800389456941178023541283437225501984357833862e-18,4.882021137239752213862019243521422800389456941178023541283437225501984357833862e-18,4.882021137239752213862019243521422800389456941178023541283437225501984357833862e-18,4.882021137239752213862019243521422800389456941178023541283437225501984357833862e-18,4.882021137239752213862019243521422800389456941178023541283437225501984357833862e-18,4.882021137239752213862019243521422800389456941178023541283437225501984357833862e-18,4.882021137239752213862019243521422800389456941178023541283437225501984357833862e-18,4.882021137239752213862019243521422800389456941178023541283437225501984357833862e-18,4.882021137239752213862019243521422800389456941178023541283437225501984357833862e-18,9
1.3000000000000003,9.761378024711645125251382582533535271422560330165704017835182071394228842109442e-18,4.882018692062523348213894671477792037956555576584541725204680062688566977158189e-18,4.882018692062523348213894671477792037956555576584541725204680062688566977158189e-18,4.882018692062523348213894671477792037956555576584541725204680062688566977158189e-18,4.882018692062523348213894671477792037956555576584541725204680062688566977158189e-18,4.882018692062523348213894671477792037956555576584541725204680062688566977158189e-18,4.882018692062523348213894671477792037956555576584541725204680062688566977158189e-18,4.882018692062523348213894671477792037956555576584541725204680062688566977158189e-18,4.882018692062523348213894671477792037956555576584541725204680062688566977158189e-18,4.882018692062523348213894671477792037956555576584541725204680062688566977158189e-18,10
1.3500000000000003,9.76137803276533718857459694503136712957703225693358028980384233364020474255085e-18,4.882016151353872163239829134367410161577973628404310962869416812281997408717871e-18,4.882016151353872163239829134367410161577973628404310962869416812281997408717871e-18,4.882016151353872163239829134367410161577973628404310962869416812281997408717871e-18,4.882016151353872163239829134367410161577973628404310962869416812281997408717871e-18,4.882016151353872163239829134367410161577973628404310962869416812281997408717871e-18,4.882016151353872163239829134367410161577973628404310962869416812281997408717871e-18,4.882016151353872163239829134367410161577973628404310962869416812281997408717871e-18,4.882016151353872163239829134367410161577973628404310962869416812281997408717871e-18,4.882016151353872163239829134367410161577973628404310962869416812281997408717871e-18,10
1.4000000000000004,9.761378037962251143069559073030793562024659453858245472535060116570093668997288e-18,4.882013514995763805252173231016864839890920139080622910943141334882966475561261e-18,4.882013514995763805252173231016864839890920139080622910943141334882966475561261e-18,4.882013514995763805252173231016864839890920139080622910943141334882966475561261e-18,4.882013514995763805252173231016864839890920139080622910943141334882966475561261e-18,4.882013514995763805252173231016864839890920139080622910943141334882966475561261e-18,4.882013514995763805252173231016864839890920139080622910943141334882966475561261e-18,4.882013514995763805252173231016864839890920139080622910943141334882966475561261e-18,4.882013514995763805252173231016864839890920139080622910943141334882966475561261e-18,4.882013514995763805252173231016864839890920139080622910943141334882966475561261e-18,10
1.4500000000000004,9.761378042841536108904311734778180777834118233584042439998640361409343313425779e-18,4.882010784422576200420119627284021654759079563524809194929865441281435778364539e-18,4.882010784422576200420119627284021654759079563524809194929865441281435778364539e-18,4.882010784422576200420119627284021654759079563524809194929865441281435778364539e-18,4.882010784422576200420119627284021654759079563524809194929865441281435778364539e-18,4.882010784422576200420119627284021654759079563524809194929865441281435778364539e-18,4.882010784422576200420119627284021654759079563524809194929865441281435778364539e-18,4.882010784422576200420119627284021654759079563524809194929865441281435778364539e-18,4.882010784422576200420119627284021654759079563524809194929865441281435778364539e-18,4.882010784422576200420119627284021654759079563524809194929865441281435778364539e-18,11
1.5000000000000004,9.761378044180693747507066195377935143042872779954068074292905521360808052122593e-18,4.882007958211987744026339753751145446239349091839586705643405650789645733311772e-18,4.882007958211987744026339753751145446239349091839586705643405650789645733311772e-18,4.882007958211987744026339753751145446239349091839586705643405650789645733311772e-18,4.882007958211987744026339753751145446239349091839586705643405650789645733311772e-18,4.882007958211987744026339753751145446239349091839586705643405650789645733311772e-18,4.882007958211987744026339753751145446239349091839586705643405650789645733311772e-18,4.882007958211987744026339753751145446239349091839586705643405650789645733311772e-18,4.882007958211987744026339753751145446239349091839586705643405650789645733311772e-18,4.882007958211987744026339753751145446239349091839586705643405650789645733311772e-18,11
1.5500000000000005,9.76137804122820308341859037813737739271897343414693265506443253798352088779211e-18,4.882005036204485984728882943019069119606251737765283127412629937680321745574474e-18,4.882005036204485984728882943019069119606251737765283127412629937680321745574474e-18,4.882005036204485984728882943019069119606251737765283127412629937680321745574474e-18,4.882005036204485984728882943019069119606251737765283127412629937680321745574474e-18,4.882005036204485984728882943019069119606251737765283127412629937680321745574474e-18,4.882005036204485984728882943019069119606251737765283127412629937680321745574474e-18,4.882005036204485984728882943019069119606251737765283127412629937680321745574474e-18,4.882005036204485984728882943019069119606251737765283127412629937680321745574474e-18,4.882005036204485984728882943019069119606251737765283127412629937680321745574474e-18,11
1.6000000000000005,9.761378034106503957295336170073029490975491399482304871737525786556943785399199e-18,4.882002018707788305322164190745664606614236848548642189182800166236120276153088e-18,4.882002018707788305322164190745664606614236848548642189182800166236120276153088e-18,4.882002018707788305322164190745664606614236848548642189182800166236120276153088e-18,4.882002018707788305322164190745664606614236848548642189182800166236120276153088e-18,4.882002018707788305322164190745664606614236848548642189182800166236120276153088e-18,4.882002018707788305322164190745664606614236848548642189182800166236120276153088e-18,4.882002018707788305322164190745664606614236848548642189182800166236120276153088e-18,4.882002018707788305322164190745664606614236848548642189182800166236120276153088e-18,4.882002018707788305322164190745664606614236848548642189182800166236120276153088e-18,11
1.6500000000000006,9.761378020973646214789084260054248802218326596161473290846899431016936432570219e-18,4.88199890508117170967557134397022183097708860003284374318166527473294991068542e-18,4.88199890508117170967557134397022183097708860003284374318166527473294991068542e-18,4.88199890508117170967557134397022183097708860003284374318166527473294991068542e-18,4.88199890508117170967557134397022183097708860003284374318166527473294991068542e-18,4.88199890508117170967557134397022183097708860003284374318166527473294991068542e-18,4.88199890508117170967557134397022183097708860003284374318166527473294991068542e-18,4.88199890508117170967557134397022183097708860003284374318166527473294991068542e-18,4.88199890508117170967557134397022183097708860003284374318166527473294991068542e-18,4.88199890508117170967557134397022183097708860003284374318166527473294991068542e-18,11
1.7000000000000006,9.761378001302792489984684035371913782644549190169267621763893316710891667753458e-18,4.881995695646294231892971966349373115188863077367137713324929393365891883149743e-18,4.881995695646294231892971966349373115188863077367137713324929393365891883149743e-18,4.881995695646294231892971966349373115188863077367137713324929393365891883149743e-18,4.881995695646294231892971966349373115188863077367137713324929393365891883149743e-18,4.881995695646294231892971966349373115188863077367137713324929393365891883149743e-18,4.881995695646294231892971966349373115188863077367137713324929393365891883149743e-18,4.881995695646294231892971966349373115188863077367137713324929393365891883149743e-18,4.881995695646294231892971966349373115188863077367137713324929393365891883149743e-18,4.881995695646294231892971966349373115188863077367137713324929393365891883149743e-18,11
1.7500000000000007,9.761378018991063115157753477144776212474321055621254844547607376625819597393274e-18,4.881992392262114298847457926279269047250216370485709216353598094428889453411102e-18,4.881992392262114298847457926279269047250216370485709216353598094428889453411102e-18,4.881992392262114298847457926279269047250216370485709216353598094428889453411102e-18,4.881992392262114298847457926279269047250216370485709216353598094428889453411102e-18,4.881992392262114298847457926279269047250216370485709216353598094428889453411102e-18,4.881992392262114298847457926279269047250216370485709216353598094428889453411102e-18,4.881992392262114298847457926279269047250216370485709216353598094428889453411102e-18,4.881992392262114298847457926279269047250216370485709216353598094428889453411102e-18,4.881992392262114298847457926279269047250216370485709216353598094428889453411102e-18,12
1.8000000000000007,9.761378047577579649939274852507359022968234527008104389755871466149983461946249e-18,4.881988993077351781168220387262722612021989977687920839177770915284781949594617e-18,4.881988993077351781168220387262722612021989977687920839177770915284781949594617e-18,4.881988993077351781168220387262722612021989977687920839177770915284781949594617e-18,4.881988993077351781168220387262722612021989977687920839177770915284781949594617e-18,4.881988993077351781168220387262722612021989977687920839177770915284781949594617e-18,4.881988993077351781168220387262722612021989977687920839177770915284781949594617e-18,4.881988993077351781168220387262722612021989977687920839177770915284781949594617e-18,4.881988993077351781168220387262722612021989977687920839177770915284781949594617e-18,4.881988993077351781168220387262722612021989977687920839177770915284781949594617e-18,12
1.8500000000000008,9.761378098572172450381711124447696947196514118062944664888647139378008432686329e-18,4.881985497735729668815042343737249672296575228288336573134742479851411189883947e-18,4.881985497735729668815042343737249672296575228288336573134742479851411189883947e-18,4.881985497735729668815042343737249672296575228288336573134742479851411189883947e-18,4.881985497735729668815042343737249672296575228288336573134742479851411189883947e-18,4.881985497735729668815042343737249672296575228288336573134742479851411189883947e-18,4.881985497735729668815042343737249672296575228288336573134742479851411189883947e-18,4.881985497735729668815042343737249672296575228288336573134742479851411189883947e-18,4.881985497735729668815042343737249672296575228288336573134742479851411189883947e-18,4.881985497735729668815042343737249672296575228288336573134742479851411189883947e-18,12
1.9000000000000008,9.761378192307657392846777107596336405769979637403639671777710873357136733829975e-18,4.881981908743971355040285306232824770110111564625464397604304167543887160718441e-18,4.881981908743971355040285306232824770110111564625464397604304167543887160718441e-18,4.881981908743971355040285306232824770110111564625464397604304167543887160718441e-18,4.881981908743971355040285306232824770110111564625464397604304167543887160718441e-18,4.881981908743971355040285306232824770110111564625464397604304167543887160718441e-18,4.881981908743971355040285306232824770110111564625464397604304167543887160718441e-18,4.881981908743971355040285306232824770110111564625464397604304167543887160718441e-18,4.881981908743971355040285306232824770110111564625464397604304167543887160718441e-18,4.881981908743971355040285306232824770110111564625464397604304167543887160718441e-18,13
1.9500000000000008,9.761378345723856370495596685666255459600464767719318892602586856810376048088074e-18,4.881978225115073950828445380092296662273144332582115734187055977599811740219593e-18,4.881978225115073950828445380092296662273144332582115734187055977599811740219593e-18,4.881978225115073950828445380092296662273144332582115734187055977599811740219593e-18,4.881978225115073950828445380092296662273144332582115734187055977599811740219593e-18,4.881978225115073950828445380092296662273144332582115734187055977599811740219593e-18,4.881978225115073950828445380092296662273144332582115734187055977599811740219593e-18,4.881978225115073950828445380092296662273144332582115734187055977599811740219593e-18,4.881978225115073950828445380092296662273144332582115734187055977599811740219593e-18,4.881978225115073950828445380092296662273144332582115734187055977599811740219593e-18,13
2.000000000000001,9.761378583692496774593192368253098651359328722493767516166229825103073380887508e-18,4.881974447165259745608351594500632479134577918443698568706778928572020959109068e-18,4.881974447165259745608351594500632479134577918443698568706778928572020959109068e-18,4.881974447165259745608351594500632479134577918443698568706778928572020959109068e-18,4.881974447165259745608351594500632479134577918443698568706778928572020959109068e-18,4.881974447165259745608351594500632479134577918443698568706778928572020959109068e-18,4.881974447165259745608351594500632479134577918443698568706778928572020959109068e-18,4.881974447165259745608351594500632479134577918443698568706778928572020959109068e-18,4.881974447165259745608351594500632479134577918443698568706778928572020959109068e-18,4.881974447165259745608351594500632479134577918443698568706778928572020959109068e-18,13
2.0500000000000007,9.761378934596304018413716801269842319132626439859116984631981495112995617091656e-18,4.881970573858147317706344592211349370230611233558489642225808324837998952716589e-18,4.881970573858147317706344592211349370230611233558489642225808324837998952716589e-18,4.881970573858147317706344592211349370230611233558489642225808324837998952716589e-18,4.881970573858147317706344592211349370230611233558489642225808324837998952716589e-18,4.881970573858147317706344592211349370230611233558489642225808324837998952716589e-18,4.881970573858147317706344592211349370230611233558489642225808324837998952716589e-18,4.881970573858147317706344592211349370230611233558489642225808324837998952716589e-18,4.881970573858147317706344592211349370230611233558489642225808324837998952716589e-18,4.881970573858147317706344592211349370230611233558489642225808324837998952716589e-18,13
2.1000000000000005,9.761379436733280973871773051227013601075226715512046099521015207756136078387499e-18,4.881966605770779945199839205045373334762655031252237894379142346679145703092217e-18,4.881966605770779945199839205045373334762655031252237894379142346679145703092217e-18,4.881966605770779945199839205045373334762655031252237894379142346679145703092217e-18,4.881966605770779945199839205045373334762655031252237894379142346679145703092217e-18,4.881966605770779945199839205045373334762655031252237894379142346679145703092217e-18,4.881966605770779945199839205045373334762655031252237894379142346679145703092217e-18,4.881966605770779945199839205045373334762655031252237894379142346679145703092217e-18,4.881966605770779945199839205045373334762655031252237894379142346679145703092217e-18,4.881966605770779945199839205045373334762655031252237894379142346679145703092217e-18,13
2.1500000000000004,9.761380132852789252513428137720313000132626954114412748397811014910985250025988e-18,4.881962541987333257957995001002795962343308401246285907482125310252740746363997e-18,4.881962541987333257957995001002795962343308401246285907482125310252740746363997e-18,4.881962541987333257957995001002795962343308401246285907482125310252740746363997e-18,4.881962541987333257957995001002795962343308401246285907482125310252740746363997e-18,4.881962541987333257957995001002795962343308401246285907482125310252740746363997e-18,4.881962541987333257957995001002795962343308401246285907482125310252740746363997e-18,4.881962541987333257957995001002795962343308401246285907482125310252740746363997e-18,4.881962541987333257957995001002795962343308401246285907482125310252740746363997e-18,4.881962541987333257957995001002795962343308401246285907482125310252740746363997e-18,13
2.2,9.761381075715094198123914535518927236124365229112676001221871047164313495159149e-18,4.881958382674020402785274718462736706155889808926963760460360219894937472417951e-18,4.881958382674020402785274718462736706155889808926963760460360219894937472417951e-18,4.881958382674020402785274718462736706155889808926963760460360219894937472417951e-18,4.881958382674020402785274718462736706155889808926963760460360219894937472417951e-18,4.881958382674020402785274718462736706155889808926963760460360219894937472417951e-18,4.881958382674020402785274718462736706155889808926963760460360219894937472417951e-18,4.881958382674020402785274718462736706155889808926963760460360219894937472417951e-18,4.881958382674020402785274718462736706155889808926963760460360219894937472417951e-18,4.881958382674020402785274718462736706155889808926963760460360219894937472417951e-18,14
2.25,9.761382329761868757426497750057128724889210132640345735088871492735052015632391e-18,4.881954129477001495883491271734167484151315622890399473221556547741784015670419e-18,4.881954129477001495883491271734167484151315622890399473221556547741784015670419e-18,4.881954129477001495883491271734167484151315622890399473221556547741784015670419e-18,4.881954129477001495883491271734167484151315622890399473221556547741784015670419e-18,4.881954129477001495883491271734167484151315622890399473221556547741784015670419e-18,4.881954129477001495883491271734167484151315622890399473221556547741784015670419e-18,4.881954129477001495883491271734167484151315622890399473221556547741784015670419e-18,4.881954129477001495883491271734167484151315622890399473221556547741784015670419e-18,4.881954129477001495883491271734167484151315622890399473221556547741784015670419e-18,14
2.3,9.761383966173841241916841475548376086376638931848409574953961964638438075780869e-18,4.881949782588339515770672878815925085458279202992341525013664238485944224521518e-18,4.881949782588339515770672878815925085458279202992341525013664238485944224521518e-18,4.881949782588339515770672878815925085458279202992341525013664238485944224521518e-18,4.881949782588339515770672878815925085458279202992341525013664238485944224521518e-18,4.881949782588339515770672878815925085458279202992341525013664238485944224521518e-18,4.881949782588339515770672878815925085458279202992341525013664238485944224521518e-18,4.881949782588339515770672878815925085458279202992341525013664238485944224521518e-18,4.881949782588339515770672878815925085458279202992341525013664238485944224521518e-18,4.881949782588339515770672878815925085458279202992341525013664238485944224521518e-18,14
2.3499999999999996,9.761386064694025443151782973624252674639012155167853979076397763492423109710217e-18,4.881945340787560330736984101316976729601879563940356257512043214319419348612428e-18,4.881945340787560330736984101316976729601879563940356257512043214319419348612428e-18,4.881945340787560330736984101316976729601879563940356257512043214319419348612428e-18,4.881945340787560330736984101316976729601879563940356257512043214319419348612428e-18,4.881945340787560330736984101316976729601879563940356257512043214319419348612428e-18,4.881945340787560330736984101316976729601879563940356257512043214319419348612428e-18,4.881945340787560330736984101316976729601879563940356257512043214319419348612428e-18,4.881945340787560330736984101316976729601879563940356257512043214319419348612428e-18,4.881945340787560330736984101316976729601879563940356257512043214319419348612428e-18,14
2.3999999999999995,9.761388719936785174418059436616962922569001054481051260491852872291929088532925e-18,4.881940803938824249944904420049578180335716612103314285264765715055546024814248e-18,4.881940803938824249944904420049578180335716612103314285264765715055546024814248e-18,4.881940803938824249944904420049578180335716612103314285264765715055546024814248e-18,4.881940803938824249944904420049578180335716612103314285264765715055546024814248e-18,4.881940803938824249944904420049578180335716612103314285264765715055546024814248e-18,4.881940803938824249944904420049578180335716612103314285264765715055546024814248e-18,4.881940803938824249944904420049578180335716612103314285264765715055546024814248e-18,4.881940803938824249944904420049578180335716612103314285264765715055546024814248e-18,4.881940803938824249944904420049578180335716612103314285264765715055546024814248e-18,14
2.4499999999999993,9.761392038808211347596978580413824145171900527892874799285038989182794466614723e-18,4.881936171647263249500563152322050836829841937157840534022845702111226273700595e-18,4.881936171647263249500563152322050836829841937157840534022845702111226273700595e-18,4.881936171647263249500563152322050836829841937157840534022845702111226273700595e-18,4.881936171647263249500563152322050836829841937157840534022845702111226273700595e-18,4.881936171647263249500563152322050836829841937157840534022845702111226273700595e-18,4.881936171647263249500563152322050836829841937157840534022845702111226273700595e-18,4.881936171647263249500563152322050836829841937157840534022845702111226273700595e-18,4.881936171647263249500563152322050836829841937157840534022845702111226273700595e-18,4.881936171647263249500563152322050836829841937157840534022845702111226273700595e-18,14
2.499999999999999,9.761396142601522967450042684061393427621551566707169822478817877708934247493744e-18,4.881931443848816277221774304295705538366818652663793251522683647181111155077815e-18,4.881931443848816277221774304295705538366818652663793251522683647181111155077815e-18,4.881931443848816277221774304295705538366818652663793251522683647181111155077815e-18,4.881931443848816277221774304295705538366818652663793251522683647181111155077815e-18,4.881931443848816277221774304295705538366818652663793251522683647181111155077815e-18,4.881931443848816277221774304295705538366818652663793251522683647181111155077815e-18,4.881931443848816277221774304295705538366818652663793251522683647181111155077815e-18,4.881931443848816277221774304295705538366818652663793251522683647181111155077815e-18,4.881931443848816277221774304295705538366818652663793251522683647181111155077815e-18,14
2.549999999999999,9.761401171715264235417241825185887956387288578346313888678409398380608763545752e-18,4.881926622744922948644212102066566428956587167872641433441494029921159381046891e-18,4.881926622744922948644212102066566428956587167872641433441494029921159381046891e-18,4.881926622744922948644212102066566428956587167872641433441494029921159381046891e-18,4.881926622744922948644212102066566428956587167872641433441494029921159381046891e-18,4.881926622744922948644212102066566428956587167872641433441494029921159381046891e-18,4.881926622744922948644212102066566428956587167872641433441494029921159381046891e-18,4.881926622744922948644212102066566428956587167872641433441494029921159381046891e-18,4.881926622744922948644212102066566428956587167872641433441494029921159381046891e-18,4.881926622744922948644212102066566428956587167872641433441494029921159381046891e-18,15
2.5999999999999988,9.76140727344287018360309082690122374368664848827328167635286604308930691331625e-18,4.881921706328123312230884714658407462966360953056073682110316269699978874996305e-18,4.881921706328123312230884714658407462966360953056073682110316269699978874996305e-18,4.881921706328123312230884714658407462966360953056073682110316269699978874996305e-18,4.881921706328123312230884714658407462966360953056073682110316269699978874996305e-18,4.881921706328123312230884714658407462966360953056073682110316269699978874996305e-18,4.881921706328123312230884714658407462966360953056073682110316269699978874996305e-18,4.881921706328123312230884714658407462966360953056073682110316269699978874996305e-18,4.881921706328123312230884714658407462966360953056073682110316269699978874996305e-18,4.881921706328123312230884714658407462966360953056073682110316269699978874996305e-18,15
2.6499999999999986,9.761414614886238033814950493598842667699815718823728311059895190737734083086252e-18,4.88191669454577785074180021173550265126940877474380660328012737636527162976563e-18,4.88191669454577785074180021173550265126940877474380660328012737636527162976563e-18,4.88191669454577785074180021173550265126940877474380660328012737636527162976563e-18,4.88191669454577785074180021173550265126940877474380660328012737636527162976563e-18,4.88191669454577785074180021173550265126940877474380660328012737636527162976563e-18,4.88191669454577785074180021173550265126940877474380660328012737636527162976563e-18,4.88191669454577785074180021173550265126940877474380660328012737636527162976563e-18,4.88191669454577785074180021173550265126940877474380660328012737636527162976563e-18,4.88191669454577785074180021173550265126940877474380660328012737636527162976563e-18,15
2.6999999999999984,9.761423380923498246197260417112504105812839426219423150099530062107078265398741e-18,4.881911588086483556493170900199486347457545546405953060253857245243125362321734e-18,4.881911588086483556493170900199486347457545546405953060253857245243125362321734e-18,4.881911588086483556493170900199486347457545546405953060253857245243125362321734e-18,4.881911588086483556493170900199486347457545546405953060253857245243125362321734e-18,4.881911588086483556493170900199486347457545546405953060253857245243125362321734e-18,4.881911588086483556493170900199486347457545546405953060253857245243125362321734e-18,4.881911588086483556493170900199486347457545546405953060253857245243125362321734e-18,4.881911588086483556493170900199486347457545546405953060253857245243125362321734e-18,4.881911588086483556493170900199486347457545546405953060253857245243125362321734e-18,15
2.7499999999999982,9.761433770796505473090461062348870961622022823106232386480840546028048265725374e-18,4.881906386600251965899192976995272793501290902037567653870553385786479339003563e-18,4.881906386600251965899192976995272793501290902037567653870553385786479339003563e-18,4.881906386600251965899192976995272793501290902037567653870553385786479339003563e-18,4.881906386600251965899192976995272793501290902037567653870553385786479339003563e-18,4.881906386600251965899192976995272793501290902037567653870553385786479339003563e-18,4.881906386600251965899192976995272793501290902037567653870553385786479339003563e-18,4.881906386600251965899192976995272793501290902037567653870553385786479339003563e-18,4.881906386600251965899192976995272793501290902037567653870553385786479339003563e-18,4.881906386600251965899192976995272793501290902037567653870553385786479339003563e-18,15
2.799999999999998,9.761446000202600316093703686023701977069537146869480231936577752094308380037546e-18,4.88190108981720405659683859182281024508857304443376103064711202250691712833941e-18,4.88190108981720405659683859182281024508857304443376103064711202250691712833941e-18,4.88190108981720405659683859182281024508857304443376103064711202250691712833941e-18,4.88190108981720405659683859182281024508857304443376103064711202250691712833941e-18,4.88190108981720405659683859182281024508857304443376103064711202250691712833941e-18,4.88190108981720405659683859182281024508857304443376103064711202250691712833941e-18,4.88190108981720405659683859182281024508857304443376103064711202250691712833941e-18,4.88190108981720405659683859182281024508857304443376103064711202250691712833941e-18,4.88190108981720405659683859182281024508857304443376103064711202250691712833941e-18,15
2.849999999999998,9.761460301419189260075505320158289499246293234189977144898975325304490979760885e-18,4.881895697856508669825012350325790393394776936356396768168508515373105183243752e-18,4.881895697856508669825012350325790393394776936356396768168508515373105183243752e-18,4.881895697856508669825012350325790393394776936356396768168508515373105183243752e-18,4.881895697856508669825012350325790393394776936356396768168508515373105183243752e-18,4.881895697856508669825012350325790393394776936356396768168508515373105183243752e-18,4.881895697856508669825012350325790393394776936356396768168508515373105183243752e-18,4.881895697856508669825012350325790393394776936356396768168508515373105183243752e-18,4.881895697856508669825012350325790393394776936356396768168508515373105183243752e-18,4.881895697856508669825012350325790393394776936356396768168508515373105183243752e-18,15
2.8999999999999977,9.761476920709697305126936723288903231265470372170212076667894507409073412418365e-18,4.881890210369893730764348354041370967932853899026810623462679927797580603510141e-18,4.881890210369893730764348354041370967932853899026810623462679927797580603510141e-18,4.881890210369893730764348354041370967932853899026810623462679927797580603510141e-18,4.881890210369893730764348354041370967932853899026810623462679927797580603510141e-18,4.881890210369893730764348354041370967932853899026810623462679927797580603510141e-18,4.881890210369893730764348354041370967932853899026810623462679927797580603510141e-18,4.881890210369893730764348354041370967932853899026810623462679927797580603510141e-18,4.881890210369893730764348354041370967932853899026810623462679927797580603510141e-18,4.881890210369893730764348354041370967932853899026810623462679927797580603510141e-18,15
2.9499999999999975,9.761496119089405534855451413596746414828465272870827024176421105039480607956648e-18,4.881884627584579683881674934018755023977796623515200413745418472899473272264004e-18,4.881884627584579683881674934018755023977796623515200413745418472899473272264004e-18,4.881884627584579683881674934018755023977796623515200413745418472899473272264004e-18,4.881884627584579683881674934018755023977796623515200413745418472899473272264004e-18,4.881884627584579683881674934018755023977796623515200413745418472899473272264004e-18,4.881884627584579683881674934018755023977796623515200413745418472899473272264004e-18,4.881884627584579683881674934018755023977796623515200413745418472899473272264004e-18,4.881884627584579683881674934018755023977796623515200413745418472899473272264004e-18,4.881884627584579683881674934018755023977796623515200413745418472899473272264004e-18,15
2.9999999999999973,9.761518172114235149755915267797647951652780128257470837471743152491399087011814e-18,4.881878951083325801981554955178652908001802705062347267905842329582810634747148e-18,4.881878951083325801981554955178652908001802705062347267905842329582810634747148e-18,4.881878951083325801981554955178652908001802705062347267905842329582810634747148e-18,4.881878951083325801981554955178652908001802705062347267905842329582810634747148e-18,4.881878951083325801981554955178652908001802705062347267905842329582810634747148e-18,4.881878951083325801981554955178652908001802705062347267905842329582810634747148e-18,4.881878951083325801981554955178652908001802705062347267905842329582810634747148e-18,4.881878951083325801981554955178652908001802705062347267905842329582810634747148e-18,4.881878951083325801981554955178652908001802705062347267905842329582810634747148e-18,15
3.049999999999997,9.761543359171892886101328831975819559334620552945409321932146440303768031299114e-18,4.881873179576178104680439058495184379273277320432236972558293075508117908611894e-18,4.881873179576178104680439058495184379273277320432236972558293075508117908611894e-18,4.881873179576178104680439058495184379273277320432236972558293075508117908611894e-18,4.881873179576178104680439058495184379273277320432236972558293075508117908611894e-18,4.881873179576178104680439058495184379273277320432236972558293075508117908611894e-18,4.881873179576178104680439058495184379273277320432236972558293075508117908611894e-18,4.881873179576178104680439058495184379273277320432236972558293075508117908611894e-18,4.881873179576178104680439058495184379273277320432236972558293075508117908611894e-18,4.881873179576178104680439058495184379273277320432236972558293075508117908611894e-18,16
3.099999999999997,9.761571967992198648983517416912238291176766531774631335816039268138410989195108e-18,4.881867312520542037630178022403865104854237794260347904629071535964612849056721e-18,4.881867312520542037630178022403865104854237794260347904629071535964612849056721e-18,4.881867312520542037630178022403865104854237794260347904629071535964612849056721e-18,4.881867312520542037630178022403865104854237794260347904629071535964612849056721e-18,4.881867312520542037630178022403865104854237794260347904629071535964612849056721e-18,4.881867312520542037630178022403865104854237794260347904629071535964612849056721e-18,4.881867312520542037630178022403865104854237794260347904629071535964612849056721e-18,4.881867312520542037630178022403865104854237794260347904629071535964612849056721e-18,4.881867312520542037630178022403865104854237794260347904629071535964612849056721e-18,16
3.149999999999997,9.761604290681247548685867264400155431594187716080705807808470808595302514731884e-18,4.88186134971102795746956171169705215064448010361757533670523656610384932719171e-18,4.88186134971102795746956171169705215064448010361757533670523656610384932719171e-18,4.88186134971102795746956171169705215064448010361757533670523656610384932719171e-18,4.88186134971102795746956171169705215064448010361757533670523656610384932719171e-18,4.88186134971102795746956171169705215064448010361757533670523656610384932719171e-18,4.88186134971102795746956171169705215064448010361757533670523656610384932719171e-18,4.88186134971102795746956171169705215064448010361757533670523656610384932719171e-18,4.88186134971102795746956171169705215064448010361757533670523656610384932719171e-18,4.88186134971102795746956171169705215064448010361757533670523656610384932719171e-18,16
3.1999999999999966,9.761640619580668223970546012118156143468220028547137345764639348999480716884136e-18,4.881855290981663073451186915030087449507920382046942744946882442036439897492528e-18,4.881855290981663073451186915030087449507920382046942744946882442036439897492528e-18,4.881855290981663073451186915030087449507920382046942744946882442036439897492528e-18,4.881855290981663073451186915030087449507920382046942744946882442036439897492528e-18,4.881855290981663073451186915030087449507920382046942744946882442036439897492528e-18,4.881855290981663073451186915030087449507920382046942744946882442036439897492528e-18,4.881855290981663073451186915030087449507920382046942744946882442036439897492528e-18,4.881855290981663073451186915030087449507920382046942744946882442036439897492528e-18,4.881855290981663073451186915030087449507920382046942744946882442036439897492528e-18,16
3.2499999999999964,9.761708993340050729566187311978368997103306026934602113165340142586501315236092e-18,4.881849136665397532128852437313241133811578660551752650853529758023796603083611e-18,4.881849136665397532128852437313241133811578660551752650853529758023796603083611e-18,4.881849136665397532128852437313241133811578660551752650853529758023796603083611e-18,4.881849136665397532128852437313241133811578660551752650853529758023796603083611e-18,4.881849136665397532128852437313241133811578660551752650853529758023796603083611e-18,4.881849136665397532128852437313241133811578660551752650853529758023796603083611e-18,4.881849136665397532128852437313241133811578660551752650853529758023796603083611e-18,4.881849136665397532128852437313241133811578660551752650853529758023796603083611e-18,4.881849136665397532128852437313241133811578660551752650853529758023796603083611e-18,17
3.2999999999999963,9.761903190446088409436899816287232866330332011839746031434117412572959437966347e-18,4.881842886533333018868179787622127780296882259381896843053461054751096526160836e-18,4.881842886533333018868179787622127780296882259381896843053461054751096526160836e-18,4.881842886533333018868179787622127780296882259381896843053461054751096526160836e-18,4.881842886533333018868179787622127780296882259381896843053461054751096526160836e-18,4.881842886533333018868179787622127780296882259381896843053461054751096526160836e-18,4.881842886533333018868179787622127780296882259381896843053461054751096526160836e-18,4.881842886533333018868179787622127780296882259381896843053461054751096526160836e-18,4.881842886533333018868179787622127780296882259381896843053461054751096526160836e-18,4.881842886533333018868179787622127780296882259381896843053461054751096526160836e-18,17
3.349999999999996,9.762328993993618216042278379766704323347783700472353463073460488885757513344288e-18,4.881836541141960828124038726542542436344329655461540470873238461990695213899016e-18,4.881836541141960828124038726542542436344329655461540470873238461990695213899016e-18,4.881836541141960828124038726542542436344329655461540470873238461990695213899016e-18,4.881836541141960828124038726542542436344329655461540470873238461990695213899016e-18,4.881836541141960828124038726542542436344329655461540470873238461990695213899016e-18,4.881836541141960828124038726542542436344329655461540470873238461990695213899016e-18,4.881836541141960828124038726542542436344329655461540470873238461990695213899016e-18,4.881836541141960828124038726542542436344329655461540470873238461990695213899016e-18,4.881836541141960828124038726542542436344329655461540470873238461990695213899016e-18,18
3.399999999999996,9.76303229275693092345879817572669916020376746116585936485776642257405910640955e-18,4.881830099395453784559313474987576436314293393524963229901381112085800850763917e-18,4.881830099395453784559313474987576436314293393524963229901381112085800850763917e-18,4.881830099395453784559313474987576436314293393524963229901381112085800850763917e-18,4.881830099395453784559313474987576436314293393524963229901381112085800850763917e-18,4.881830099395453784559313474987576436314293393524963229901381112085800850763917e-18,4.881830099395453784559313474987576436314293393524963229901381112085800850763917e-18,4.881830099395453784559313474987576436314293393524963229901381112085800850763917e-18,4.881830099395453784559313474987576436314293393524963229901381112085800850763917e-18,4.881830099395453784559313474987576436314293393524963229901381112085800850763917e-18,18
3.4499999999999957,9.764062324774236878198351661609499059234524380424501133202142000300227664411068e-18,4.881823563331524347277430564713259127361684041620073018497016903438634471967816e-18,4.881823563331524347277430564713259127361684041620073018497016903438634471967816e-18,4.881823563331524347277430564713259127361684041620073018497016903438634471967816e-18,4.881823563331524347277430564713259127361684041620073018497016903438634471967816e-18,4.881823563331524347277430564713259127361684041620073018497016903438634471967816e-18,4.881823563331524347277430564713259127361684041620073018497016903438634471967816e-18,4.881823563331524347277430564713259127361684041620073018497016903438634471967816e-18,4.881823563331524347277430564713259127361684041620073018497016903438634471967816e-18,4.881823563331524347277430564713259127361684041620073018497016903438634471967816e-18,19
3.4999999999999956,9.765473933650822615309941719343184493491941285635282721244720960385166108608246e-18,4.881816932535737814521522751655204395151067361838075064905950739557738415896893e-18,4.881816932535737814521522751655204395151067361838075064905950739557738415896893e-18,4.881816932535737814521522751655204395151067361838075064905950739557738415896893e-18,4.881816932535737814521522751655204395151067361838075064905950739557738415896893e-18,4.881816932535737814521522751655204395151067361838075064905950739557738415896893e-18,4.881816932535737814521522751655204395151067361838075064905950739557738415896893e-18,4.881816932535737814521522751655204395151067361838075064905950739557738415896893e-18,4.881816932535737814521522751655204395151067361838075064905950739557738415896893e-18,4.881816932535737814521522751655204395151067361838075064905950739557738415896893e-18,20
3.5499999999999954,9.767333709392407023107784518648634359576730511621339703154376366001088172197342e-18,4.881810207551717957602019796217769687232943414702517753722688098605431150645018e-18,4.881810207551717957602019796217769687232943414702517753722688098605431150645018e-18,4.881810207551717957602019796217769687232943414702517753722688098605431150645018e-18,4.881810207551717957602019796217769687232943414702517753722688098605431150645018e-18,4.881810207551717957602019796217769687232943414702517753722688098605431150645018e-18,4.881810207551717957602019796217769687232943414702517753722688098605431150645018e-18,4.881810207551717957602019796217769687232943414702517753722688098605431150645018e-18,4.881810207551717957602019796217769687232943414702517753722688098605431150645018e-18,4.881810207551717957602019796217769687232943414702517753722688098605431150645018e-18,20
3.599999999999995,9.769707394164815405271648438861629020077182955039511724759648814142565242946148e-18,4.881803387106821054475524815222341892623670703716407329175730467341054463759065e-18,4.881803387106821054475524815222341892623670703716407329175730467341054463759065e-18,4.881803387106821054475524815222341892623670703716407329175730467341054463759065e-18,4.881803387106821054475524815222341892623670703716407329175730467341054463759065e-18,4.881803387106821054475524815222341892623670703716407329175730467341054463759065e-18,4.881803387106821054475524815222341892623670703716407329175730467341054463759065e-18,4.881803387106821054475524815222341892623670703716407329175730467341054463759065e-18,4.881803387106821054475524815222341892623670703716407329175730467341054463759065e-18,4.881803387106821054475524815222341892623670703716407329175730467341054463759065e-18,21
3.649999999999995,9.772677485800381807806877243721590881716599822194926905361000990524189546704292e-18,4.881796472107488344583823627592740697174376373262483577719628158320119837298989e-18,4.881796472107488344583823627592740697174376373262483577719628158320119837298989e-18,4.881796472107488344583823627592740697174376373262483577719628158320119837298989e-18,4.881796472107488344583823627592740697174376373262483577719628158320119837298989e-18,4.881796472107488344583823627592740697174376373262483577719628158320119837298989e-18,4.881796472107488344583823627592740697174376373262483577719628158320119837298989e-18,4.881796472107488344583823627592740697174376373262483577719628158320119837298989e-18,4.881796472107488344583823627592740697174376373262483577719628158320119837298989e-18,4.881796472107488344583823627592740697174376373262483577719628158320119837298989e-18,21
3.699999999999995,9.776333875234430700145845214820858162163720815856626095152748234795581083744764e-18,4.881789462428000513761161761101860417531355605783071130443495633244310738518834e-18,4.881789462428000513761161761101860417531355605783071130443495633244310738518834e-18,4.881789462428000513761161761101860417531355605783071130443495633244310738518834e-18,4.881789462428000513761161761101860417531355605783071130443495633244310738518834e-18,4.881789462428000513761161761101860417531355605783071130443495633244310738518834e-18,4.881789462428000513761161761101860417531355605783071130443495633244310738518834e-18,4.881789462428000513761161761101860417531355605783071130443495633244310738518834e-18,4.881789462428000513761161761101860417531355605783071130443495633244310738518834e-18,4.881789462428000513761161761101860417531355605783071130443495633244310738518834e-18,22
3.7499999999999947,9.780791504750936271364250266653305990076367124595214941340515224510454572737217e-18,4.88178235817621657224102421756990681999995763685465041681332820644456660374999e-18,4.88178235817621657224102421756990681999995763685465041681332820644456660374999e-18,4.88178235817621657224102421756990681999995763685465041681332820644456660374999e-18,4.88178235817621657224102421756990681999995763685465041681332820644456660374999e-18,4.88178235817621657224102421756990681999995763685465041681332820644456660374999e-18,4.88178235817621657224102421756990681999995763685465041681332820644456660374999e-18,4.88178235817621657224102421756990681999995763685465041681332820644456660374999e-18,4.88178235817621657224102421756990681999995763685465041681332820644456660374999e-18,4.88178235817621657224102421756990681999995763685465041681332820644456660374999e-18,22
3.7999999999999945,9.786163007040538059800516547670908544483661394865463972747576804067648481577635e-18,4.881775159047993663205778711082279867887170744333684424542951774128596298396587e-18,4.881775159047993663205778711082279867887170744333684424542951774128596298396587e-18,4.881775159047993663205778711082279867887170744333684424542951774128596298396587e-18,4.881775159047993663205778711082279867887170744333684424542951774128596298396587e-18,4.881775159047993663205778711082279867887170744333684424542951774128596298396587e-18,4.881775159047993663205778711082279867887170744333684424542951774128596298396587e-18,4.881775159047993663205778711082279867887170744333684424542951774128596298396587e-18,4.881775159047993663205778711082279867887170744333684424542951774128596298396587e-18,4.881775159047993663205778711082279867887170744333684424542951774128596298396587e-18,22
3.8499999999999943,9.792569061485203608831250005551890119761045121356528991851675414181954693049192e-18,4.881767864969707336741389989448355636403858326687098603824388476368767442181706e-18,4.881767864969707336741389989448355636403858326687098603824388476368767442181706e-18,4.881767864969707336741389989448355636403858326687098603824388476368767442181706e-18,4.881767864969707336741389989448355636403858326687098603824388476368767442181706e-18,4.881767864969707336741389989448355636403858326687098603824388476368767442181706e-18,4.881767864969707336741389989448355636403858326687098603824388476368767442181706e-18,4.881767864969707336741389989448355636403858326687098603824388476368767442181706e-18,4.881767864969707336741389989448355636403858326687098603824388476368767442181706e-18,4.881767864969707336741389989448355636403858326687098603824388476368767442181706e-18,23
3.899999999999994,9.800141987798694791306841680758628229992871387979674197010737657365098129957914e-18,4.88176047633199088198001008116611324207981305605026645100252835618448443710804e-18,4.88176047633199088198001008116611324207981305605026645100252835618448443710804e-18,4.88176047633199088198001008116611324207981305605026645100252835618448443710804e-18,4.88176047633199088198001008116611324207981305605026645100252835618448443710804e-18,4.88176047633199088198001008116611324207981305605026645100252835618448443710804e-18,4.88176047633199088198001008116611324207981305605026645100252835618448443710804e-18,4.88176047633199088198001008116611324207981305605026645100252835618448443710804e-18,4.88176047633199088198001008116611324207981305605026645100252835618448443710804e-18,4.88176047633199088198001008116611324207981305605026645100252835618448443710804e-18,23
3.949999999999994,9.809026540112670421849528437109284193879886946628495619782128756014571990817785e-18,4.881752991810027905056769638691994353857944788837924451896377320281317224726081e-18,4.881752991810027905056769638691994353857944788837924451896377320281317224726081e-18,4.881752991810027905056769638691994353857944788837924451896377320281317224726081e-18,4.881752991810027905056769638691994353857944788837924451896377320281317224726081e-18,4.881752991810027905056769638691994353857944788837924451896377320281317224726081e-18,4.881752991810027905056769638691994353857944788837924451896377320281317224726081e-18,4.881752991810027905056769638691994353857944788837924451896377320281317224726081e-18,4.881752991810027905056769638691994353857944788837924451896377320281317224726081e-18,4.881752991810027905056769638691994353857944788837924451896377320281317224726081e-18,23
3.999999999999994,9.819380813392198356070109434178026010118150106826748202415444666257826611399651e-18,4.881745411788213993199939311043100386907602134586164899232585412391927093267441e-18,4.881745411788213993199939311043100386907602134586164899232585412391927093267441e-18,4.881745411788213993199939311043100386907602134586164899232585412391927093267441e-18,4.881745411788213993199939311043100386907602134586164899232585412391927093267441e-18,4.881745411788213993199939311043100386907602134586164899232585412391927093267441e-18,4.881745411788213993199939311043100386907602134586164899232585412391927093267441e-18,4.881745411788213993199939311043100386907602134586164899232585412391927093267441e-18,4.881745411788213993199939311043100386907602134586164899232585412391927093267441e-18,4.881745411788213993199939311043100386907602134586164899232585412391927093267441e-18,23
4.0499999999999945,9.831400673855861284514512272274544442189395766296469703071636558888712897896767e-18,4.881737739038766604727527600459219776997318970319537576041390991576918167993426e-18,4.881737739038766604727527600459219776997318970319537576041390991576918167993426e-18,4.881737739038766604727527600459219776997318970319537576041390991576918167993426e-18,4.881737739038766604727527600459219776997318970319537576041390991576918167993426e-18,4.881737739038766604727527600459219776997318970319537576041390991576918167993426e-18,4.881737739038766604727527600459219776997318970319537576041390991576918167993426e-18,4.881737739038766604727527600459219776997318970319537576041390991576918167993426e-18,4.881737739038766604727527600459219776997318970319537576041390991576918167993426e-18,4.881737739038766604727527600459219776997318970319537576041390991576918167993426e-18,24
4.099999999999994,9.845302392293497844025628761359839958941364981370811954031196933101455215364695e-18,4.881729971512467004676360873303825542352005338218260549476568144200427923351526e-18,4.881729971512467004676360873303825542352005338218260549476568144200427923351526e-18,4.881729971512467004676360873303825542352005338218260549476568144200427923351526e-18,4.881729971512467004676360873303825542352005338218260549476568144200427923351526e-18,4.881729971512467004676360873303825542352005338218260549476568144200427923351526e-18,4.881729971512467004676360873303825542352005338218260549476568144200427923351526e-18,4.881729971512467004676360873303825542352005338218260549476568144200427923351526e-18,4.881729971512467004676360873303825542352005338218260549476568144200427923351526e-18,4.881729971512467004676360873303825542352005338218260549476568144200427923351526e-18,24
4.149999999999994,9.861297530415369333949262425462697742877531492211411190407233107180218212306499e-18,4.881722109160402735434825378064025622359420356158885359598720299345586681738496e-18,4.881722109160402735434825378064025622359420356158885359598720299345586681738496e-18,4.881722109160402735434825378064025622359420356158885359598720299345586681738496e-18,4.881722109160402735434825378064025622359420356158885359598720299345586681738496e-18,4.881722109160402735434825378064025622359420356158885359598720299345586681738496e-18,4.881722109160402735434825378064025622359420356158885359598720299345586681738496e-18,4.881722109160402735434825378064025622359420356158885359598720299345586681738496e-18,4.881722109160402735434825378064025622359420356158885359598720299345586681738496e-18,4.881722109160402735434825378064025622359420356158885359598720299345586681738496e-18,24
4.199999999999994,9.87961561429496306549847158100274052147145252951660268636580042311834404245019e-18,4.881714151736855180606242260769184904801631623162119430481276083355623995885253e-18,4.881714151736855180606242260769184904801631623162119430481276083355623995885253e-18,4.881714151736855180606242260769184904801631623162119430481276083355623995885253e-18,4.881714151736855180606242260769184904801631623162119430481276083355623995885253e-18,4.881714151736855180606242260769184904801631623162119430481276083355623995885253e-18,4.881714151736855180606242260769184904801631623162119430481276083355623995885253e-18,4.881714151736855180606242260769184904801631623162119430481276083355623995885253e-18,4.881714151736855180606242260769184904801631623162119430481276083355623995885253e-18,4.881714151736855180606242260769184904801631623162119430481276083355623995885253e-18,24
4.249999999999994,9.900505382496227103243588923587093806820227043848526432556766962989058811217546e-18,4.881706099814749980046926442986395708038803317946677240435349176550516858696938e-18,4.881706099814749980046926442986395708038803317946677240435349176550516858696938e-18,4.881706099814749980046926442986395708038803317946677240435349176550516858696938e-18,4.881706099814749980046926442986395708038803317946677240435349176550516858696938e-18,4.881706099814749980046926442986395708038803317946677240435349176550516858696938e-18,4.881706099814749980046926442986395708038803317946677240435349176550516858696938e-18,4.881706099814749980046926442986395708038803317946677240435349176550516858696938e-18,4.881706099814749980046926442986395708038803317946677240435349176550516858696938e-18,4.881706099814749980046926442986395708038803317946677240435349176550516858696938e-18,24
4.299999999999994,9.924235863173361816348152960565731655864615556341106622495473743583715986460447e-18,4.881697952760138018426664557697316441404379322720500852805791680566471768543124e-18,4.881697952760138018426664557697316441404379322720500852805791680566471768543124e-18,4.881697952760138018426664557697316441404379322720500852805791680566471768543124e-18,4.881697952760138018426664557697316441404379322720500852805791680566471768543124e-18,4.881697952760138018426664557697316441404379322720500852805791680566471768543124e-18,4.881697952760138018426664557697316441404379322720500852805791680566471768543124e-18,4.881697952760138018426664557697316441404379322720500852805791680566471768543124e-18,4.881697952760138018426664557697316441404379322720500852805791680566471768543124e-18,4.881697952760138018426664557697316441404379322720500852805791680566471768543124e-18,24
4.349999999999993,9.951097763535289372673478881290430521815956030795731479532406638099928386509418e-18,4.881689711657240046865717145843999225064793286756872556231279247640486573800445e-18,4.881689711657240046865717145843999225064793286756872556231279247640486573800445e-18,4.881689711657240046865717145843999225064793286756872556231279247640486573800445e-18,4.881689711657240046865717145843999225064793286756872556231279247640486573800445e-18,4.881689711657240046865717145843999225064793286756872556231279247640486573800445e-18,4.881689711657240046865717145843999225064793286756872556231279247640486573800445e-18,4.881689711657240046865717145843999225064793286756872556231279247640486573800445e-18,4.881689711657240046865717145843999225064793286756872556231279247640486573800445e-18,4.881689711657240046865717145843999225064793286756872556231279247640486573800445e-18,24
4.399999999999993,9.981404711803789741750327513908269512462788682755337327234812505594163667410612e-18,4.881681375270920984545595374827607952055010724043719247400296978867118014022708e-18,4.881681375270920984545595374827607952055010724043719247400296978867118014022708e-18,4.881681375270920984545595374827607952055010724043719247400296978867118014022708e-18,4.881681375270920984545595374827607952055010724043719247400296978867118014022708e-18,4.881681375270920984545595374827607952055010724043719247400296978867118014022708e-18,4.881681375270920984545595374827607952055010724043719247400296978867118014022708e-18,4.881681375270920984545595374827607952055010724043719247400296978867118014022708e-18,4.881681375270920984545595374827607952055010724043719247400296978867118014022708e-18,4.881681375270920984545595374827607952055010724043719247400296978867118014022708e-18,24
4.449999999999993,1.0015494646020376046440031856587103798534512064132874498145753250355483032763e-17,4.88167294362620020218784494816802222063156390839070569720448133921308908611536e-18,4.88167294362620020218784494816802222063156390839070569720448133921308908611536e-18,4.88167294362620020218784494816802222063156390839070569720448133921308908611536e-18,4.88167294362620020218784494816802222063156390839070569720448133921308908611536e-18,4.88167294362620020218784494816802222063156390839070569720448133921308908611536e-18,4.88167294362620020218784494816802222063156390839070569720448133921308908611536e-18,4.88167294362620020218784494816802222063156390839070569720448133921308908611536e-18,4.88167294362620020218784494816802222063156390839070569720448133921308908611536e-18,4.88167294362620020218784494816802222063156390839070569720448133921308908611536e-18,24
4.499999999999993,1.005373122310950942398165455232975522574934259455127147364628115155937848612666e-17,4.88166441679285337130563766592711888926312772257753991311801655683666467666626e-18,4.88166441679285337130563766592711888926312772257753991311801655683666467666626e-18,4.88166441679285337130563766592711888926312772257753991311801655683666467666626e-18,4.88166441679285337130563766592711888926312772257753991311801655683666467666626e-18,4.88166441679285337130563766592711888926312772257753991311801655683666467666626e-18,4.88166441679285337130563766592711888926312772257753991311801655683666467666626e-18,4.88166441679285337130563766592711888926312772257753991311801655683666467666626e-18,4.88166441679285337130563766592711888926312772257753991311801655683666467666626e-18,4.88166441679285337130563766592711888926312772257753991311801655683666467666626e-18,25
4.549999999999993,1.009650529597159600925689490951880360537213076341581108330558436136925593018532e-17,4.881655794445704168972699361991902974950131936229466567134238630387699231505394e-18,4.881655794445704168972699361991902974950131936229466567134238630387699231505394e-18,4.881655794445704168972699361991902974950131936229466567134238630387699231505394e-18,4.881655794445704168972699361991902974950131936229466567134238630387699231505394e-18,4.881655794445704168972699361991902974950131936229466567134238630387699231505394e-18,4.881655794445704168972699361991902974950131936229466567134238630387699231505394e-18,4.881655794445704168972699361991902974950131936229466567134238630387699231505394e-18,4.881655794445704168972699361991902974950131936229466567134238630387699231505394e-18,4.881655794445704168972699361991902974950131936229466567134238630387699231505394e-18,25
4.5999999999999925,1.014423644727755087797599884614712267019756813512393334164585212420206516981125e-17,4.881647077452732243269425000406325061639105661207092140552177284007484558969736e-18,4.881647077452732243269425000406325061639105661207092140552177284007484558969736e-18,4.881647077452732243269425000406325061639105661207092140552177284007484558969736e-18,4.881647077452732243269425000406325061639105661207092140552177284007484558969736e-18,4.881647077452732243269425000406325061639105661207092140552177284007484558969736e-18,4.881647077452732243269425000406325061639105661207092140552177284007484558969736e-18,4.881647077452732243269425000406325061639105661207092140552177284007484558969736e-18,4.881647077452732243269425000406325061639105661207092140552177284007484558969736e-18,4.881647077452732243269425000406325061639105661207092140552177284007484558969736e-18,25
4.649999999999992,1.019737456336462231317177388850734998502465500597007064254029273797641508281231e-17,4.881638265393016360386251126752906501283988624392785535266447993762994883581996e-18,4.881638265393016360386251126752906501283988624392785535266447993762994883581996e-18,4.881638265393016360386251126752906501283988624392785535266447993762994883581996e-18,4.881638265393016360386251126752906501283988624392785535266447993762994883581996e-18,4.881638265393016360386251126752906501283988624392785535266447993762994883581996e-18,4.881638265393016360386251126752906501283988624392785535266447993762994883581996e-18,4.881638265393016360386251126752906501283988624392785535266447993762994883581996e-18,4.881638265393016360386251126752906501283988624392785535266447993762994883581996e-18,4.881638265393016360386251126752906501283988624392785535266447993762994883581996e-18,26
4.699999999999992,1.025640147913806994423890684863733267989393392767821094890834388024813961237669e-17,4.881629357606744476955777061189787586622840236019304355208348056294198613613844e-18,4.881629357606744476955777061189787586622840236019304355208348056294198613613844e-18,4.881629357606744476955777061189787586622840236019304355208348056294198613613844e-18,4.881629357606744476955777061189787586622840236019304355208348056294198613613844e-18,4.881629357606744476955777061189787586622840236019304355208348056294198613613844e-18,4.881629357606744476955777061189787586622840236019304355208348056294198613613844e-18,4.881629357606744476955777061189787586622840236019304355208348056294198613613844e-18,4.881629357606744476955777061189787586622840236019304355208348056294198613613844e-18,4.881629357606744476955777061189787586622840236019304355208348056294198613613844e-18,26
4.749999999999992,1.032183269333023614624340186879760123281914406941041015275395409389602718874812e-17,4.881620355245219024805226279209642594344681231806467799905213666988856857642531e-18,4.881620355245219024805226279209642594344681231806467799905213666988856857642531e-18,4.881620355245219024805226279209642594344681231806467799905213666988856857642531e-18,4.881620355245219024805226279209642594344681231806467799905213666988856857642531e-18,4.881620355245219024805226279209642594344681231806467799905213666988856857642531e-18,4.881620355245219024805226279209642594344681231806467799905213666988856857642531e-18,4.881620355245219024805226279209642594344681231806467799905213666988856857642531e-18,4.881620355245219024805226279209642594344681231806467799905213666988856857642531e-18,4.881620355245219024805226279209642594344681231806467799905213666988856857642531e-18,26
4.799999999999992,1.03942191446925834502079968908365792643034474767986009846598705053111189045012e-17,4.881611259241162483397492820187093085305152674325786590903142325714725302532315e-18,4.881611259241162483397492820187093085305152674325786590903142325714725302532315e-18,4.881611259241162483397492820187093085305152674325786590903142325714725302532315e-18,4.881611259241162483397492820187093085305152674325786590903142325714725302532315e-18,4.881611259241162483397492820187093085305152674325786590903142325714725302532315e-18,4.881611259241162483397492820187093085305152674325786590903142325714725302532315e-18,4.881611259241162483397492820187093085305152674325786590903142325714725302532315e-18,4.881611259241162483397492820187093085305152674325786590903142325714725302532315e-18,4.881611259241162483397492820187093085305152674325786590903142325714725302532315e-18,27
4.849999999999992,1.047414896215358566266633101512363540781067518129019561223813639116997364908457e-17,4.881602067802866047657598317242997109302778965751789044813513385179248871281743e-18,4.881602067802866047657598317242997109302778965751789044813513385179248871281743e-18,4.881602067802866047657598317242997109302778965751789044813513385179248871281743e-18,4.881602067802866047657598317242997109302778965751789044813513385179248871281743e-18,4.881602067802866047657598317242997109302778965751789044813513385179248871281743e-18,4.881602067802866047657598317242997109302778965751789044813513385179248871281743e-18,4.881602067802866047657598317242997109302778965751789044813513385179248871281743e-18,4.881602067802866047657598317242997109302778965751789044813513385179248871281743e-18,4.881602067802866047657598317242997109302778965751789044813513385179248871281743e-18,27
4.8999999999999915,1.056224934441875727421606650033370634174040944184506246594779099723382387310266e-17,4.88159278064882578207819356446825703916404568758488982660459498674754286184907e-18,4.88159278064882578207819356446825703916404568758488982660459498674754286184907e-18,4.88159278064882578207819356446825703916404568758488982660459498674754286184907e-18,4.88159278064882578207819356446825703916404568758488982660459498674754286184907e-18,4.88159278064882578207819356446825703916404568758488982660459498674754286184907e-18,4.88159278064882578207819356446825703916404568758488982660459498674754286184907e-18,4.88159278064882578207819356446825703916404568758488982660459498674754286184907e-18,4.88159278064882578207819356446825703916404568758488982660459498674754286184907e-18,4.88159278064882578207819356446825703916404568758488982660459498674754286184907e-18,27
4.949999999999991,1.065918855408761905260808733935405987122720869182245645445661352823663037270308e-17,4.881583398341937083365224759107249660124134717068856981203595069018774665892124e-18,4.881583398341937083365224759107249660124134717068856981203595069018774665892124e-18,4.881583398341937083365224759107249660124134717068856981203595069018774665892124e-18,4.881583398341937083365224759107249660124134717068856981203595069018774665892124e-18,4.881583398341937083365224759107249660124134717068856981203595069018774665892124e-18,4.881583398341937083365224759107249660124134717068856981203595069018774665892124e-18,4.881583398341937083365224759107249660124134717068856981203595069018774665892124e-18,4.881583398341937083365224759107249660124134717068856981203595069018774665892124e-18,4.881583398341937083365224759107249660124134717068856981203595069018774665892124e-18,28
4.999999999999991,1.076567789012838487912576871723751551443020957424820741032966964212391758337617e-17,4.881573922503190474463296907552528925597908524659307785698025838883040705695748e-18,4.881573922503190474463296907552528925597908524659307785698025838883040705695748e-18,4.881573922503190474463296907552528925597908524659307785698025838883040705695748e-18,4.881573922503190474463296907552528925597908524659307785698025838883040705695748e-18,4.881573922503190474463296907552528925597908524659307785698025838883040705695748e-18,4.881573922503190474463296907552528925597908524659307785698025838883040705695748e-18,4.881573922503190474463296907552528925597908524659307785698025838883040705695748e-18,4.881573922503190474463296907552528925597908524659307785698025838883040705695748e-18,4.881573922503190474463296907552528925597908524659307785698025838883040705695748e-18,28
