x1,x2,x3,x4,x5,x6,x7,x8,x9,x10,x11,x12,x13,x14,x15,x16,x17,x18,x19,x20,x21,x22,x23,x24,x25,x26,x27,x28,x29,x30,x31,x32,x33,x34,x35,x36,x37,x38,x39,x40,x41,x42,x43,x44,x45,x46,x47,x48,x49,x50,x51,x52,x53,x54,x55,x56,x57,x58,x59,x60,x61,x62,x63,x64,x65,x66,x67,x68,x69,x70,x71,x72,x73,x74,x75,x76,x77,x78,x79,x80,x81,x82,x83,x84,x85,x86,x87,x88,x89,x90,x91,x92,x93,x94,x95,x96,x97,x98,x99,x100
0.0,0.0,0.0,0.0,0.0,0.0,0.0,0.0,0.0,0.0,0.0,0.0,0.0,0.0,0.0,0.0,0.0,0.0,0.0,0.0,0.0,0.0,0.0,0.0,0.0,0.0,0.0,0.0,0.0,0.0,0.0,0.0,0.0,0.0,0.0,0.0,0.0,0.0,0.0,0.0,0.0,0.0,0.0,0.0,0.0,0.0,0.0,0.0,0.0,0.0,0.0,0.0,0.0,0.0,0.0,0.0,0.0,0.0,0.0,0.0,0.0,0.0,0.0,0.0,0.0,0.0,0.0,0.0,0.0,0.0,0.0,0.0,0.0,0.0,0.0,0.0,0.0,0.0,0.0,0.0,0.0,0.0,0.0,0.0,0.0,0.0,0.0,0.0,0.0,0.0,0.0,0.0,0.0,0.0,0.0,0.0,0.0,0.0,0.0,0.0
-2.8637313874424475e-11,-9.579015228591836e-11,-2.0145775629296092e-10,-3.4563937215820184e-10,-5.283339299909373e-10,-7.495397375684165e-10,-1.0092568681827063e-9,-1.307483636116269e-9,-1.6442196150608102e-9,-2.0194631158293452e-9,-2.433213556422148e-9,-2.885470091161524e-9,-3.3762317984756263e-9,-3.905497364745103e-9,-4.473265241729252e-9,-5.0795358631089416e-9,-5.724307194053535e-9,-6.407577952168703e-9,-7.1293483551622405e-9,-7.889616196465887e-9,-8.688381345541701e-9,-9.525641986134203e-9,-1.040139747769675e-8,-1.1315647313690086e-8,-1.2268389887326592e-8,-1.3259624714618418e-8,-1.428934986221625e-8,-1.5357564908582283e-8,-1.64642686073177e-8,-1.7609460920692266e-8,-1.879313946909905e-8,-2.0015303912098575e-8,-2.1275953085257704e-8,-2.2575085821107538e-8,-2.3912701199810954e-8,-2.5288798588193884e-8,-2.6703377023484798e-8,-2.815643449557287e-8,-2.9647970624987335e-8,-3.117798442770631e-8,-3.274647449947113e-8,-3.435344083030714e-8,-3.599888096644799e-8,-3.768279455834689e-8,-3.9405180878721024e-8,-4.11660387397185e-8,-4.296536582938659e-8,-4.480316359752046e-8,-4.6679428558626945e-8,-4.8594160880106874e-8,-5.054735993659243e-8,-5.253902350633652e-8,-5.456915084297437e-8,-5.663774174788014e-8,-5.8744794677149936e-8,-6.089030782927343e-8,-6.307428156854256e-8,-6.52967133583579e-8,-6.755760338433489e-8,-6.985694983759061e-8,-7.219475181997198e-8,-7.457100878634215e-8,-7.69857185496485e-8,-7.943888107172711e-8,-8.19304948355623e-8,-8.446055899200694e-8,-8.702907225866668e-8,-8.963603334317255e-8,-9.228144225680024e-8,-9.496529646945556e-8,-9.768759607568095e-8,-1.0044833897732836e-7,-1.0324752537952883e-7,-1.0608515303234603e-7,-1.0896122075877007e-7,-1.1187572891658767e-7,-1.1482867525629617e-7,-1.1782005910569021e-7,-1.2084987878989428e-7,-1.2391813402398005e-7,-1.270248232419259e-7,-1.3016994515873542e-7,-1.3335349926309886e-7,-1.365754840683582e-7,-1.3983589903458077e-7,-1.4313474238063922e-7,-1.4647201322529405e-7,-1.4984771068123418e-7,-1.532618330917987e-7,-1.5671437957791648e-7,-1.602053497232539e-7,-1.63734741992147e-7,-1.673025552253668e-7,-1.709087878139573e-7,-1.7455343974664278e-7,-1.7823650881555395e-7,-1.819579945605554e-7,-1.8571789552361204e-7,-1.8951621086164827e-7,-1.9335293917647697e-7
0.0,0.0,0.0,0.0,0.0,0.0,0.0,0.0,0.0,0.0,0.0,0.0,0.0,0.0,0.0,0.0,0.0,0.0,0.0,0.0,0.0,0.0,0.0,0.0,0.0,0.0,0.0,0.0,0.0,0.0,0.0,0.0,0.0,0.0,0.0,0.0,0.0,0.0,0.0,0.0,0.0,0.0,0.0,0.0,0.0,0.0,0.0,0.0,0.0,0.0,0.0,0.0,0.0,0.0,0.0,0.0,0.0,0.0,0.0,0.0,0.0,0.0,0.0,0.0,0.0,0.0,0.0,0.0,0.0,0.0,0.0,0.0,0.0,0.0,0.0,0.0,0.0,0.0,-2.220446049250313e-16,0.0,0.0,0.0,-1.1102230246251565e-16,0.0,0.0,-1.1102230246251565e-16,0.0,0.0,-1.1102230246251565e-16,0.0,0.0,0.0,0.0,0.0,0.0,0.0,0.0,0.0,0.0,-2.220446049250313e-16
1.0319754599474873e-11,2.0636677696556083e-11,3.094859655008997e-11,4.125446468813965e-11,5.1551645331021634e-11,6.183804553486216e-11,7.211235471607513e-11,8.23721412260281e-11,9.261650170747093e-11,1.0284299106766426e-10,1.130494339633692e-10,1.2323383025841794e-10,1.3339510832738322e-10,1.4353083695531343e-10,1.5363931567952127e-10,1.6371820392435676e-10,1.7376687632200682e-10,1.8378191720194725e-10,1.9376198085244156e-10,2.0370540107159107e-10,2.1361071808959076e-10,2.234755011251699e-10,2.332977916755241e-10,2.4307574009174715e-10,2.528075171079336e-10,2.6249178828804953e-10,2.7212633405340747e-10,2.8170903023511107e-10,2.9123769281630407e-10,3.007109465949509e-10,3.1012729493837266e-10,3.194839393039217e-10,3.287801337605034e-10,3.380131010158327e-10,3.471814645668314e-10,3.562827389884393e-10,3.6531573339299017e-10,3.7427795021235943e-10,3.831679153652734e-10,3.9198403160509154e-10,4.007238733547136e-10,4.093857548966018e-10,4.179676691556944e-10,4.2646826564976537e-10,4.3488553383430606e-10,4.4321699392210756e-10,4.514613002014334e-10,4.596166316463146e-10,4.676803102773852e-10,4.756516105465514e-10,4.835279364401313e-10,4.913079140571319e-10,4.989889274345516e-10,5.065698715535361e-10,5.140487389053428e-10,5.214236689990437e-10,5.28691937017739e-10,5.358528304237609e-10,5.429040732599089e-10,5.498436276597796e-10,5.566701747998504e-10,5.633807101390609e-10,5.699746798669414e-10,5.764495035823214e-10,5.828036399833925e-10,5.890343031042522e-10,5.951410917900968e-10,6.011207486639192e-10,6.069726709093115e-10,6.126944403217482e-10,6.18283939671227e-10,6.237391610153242e-10,6.290589616049502e-10,6.34241106682587e-10,6.392837587423927e-10,6.441850390788428e-10,6.489428465081271e-10,6.535557169236317e-10,6.580219789192876e-10,6.623391852339511e-10,6.665057056612356e-10,6.705199624701397e-10,6.743796181207795e-10,6.780830081459799e-10,6.816277772249413e-10,6.850135883876285e-10,6.882367683570811e-10,6.91296400765623e-10,6.941909495156162e-10,6.969177756589728e-10,6.994756648892597e-10,7.01862180353674e-10,7.040757464896186e-10,7.061143922175439e-10,7.07976488632106e-10,7.096599878922416e-10,7.111634415038481e-10,7.124844611863801e-10,7.136211231315026e-10,7.145724168627909e-10
0.0,0.0,0.0,0.0,0.0,0.0,0.0,0.0,0.0,0.0,0.0,0.0,0.0,0.0,0.0,0.0,0.0,0.0,0.0,0.0,0.0,0.0,0.0,0.0,0.0,0.0,0.0,0.0,0.0,0.0,0.0,0.0,0.0,0.0,0.0,0.0,0.0,0.0,0.0,0.0,0.0,0.0,0.0,0.0,0.0,0.0,0.0,0.0,-1.1102230246251565e-16,-1.1102230246251565e-16,-1.1102230246251565e-16,-1.1102230246251565e-16,0.0,0.0,0.0,-1.1102230246251565e-16,0.0,0.0,0.0,0.0,0.0,0.0,-1.1102230246251565e-16,0.0,0.0,0.0,0.0,-2.220446049250313e-16,0.0,0.0,0.0,0.0,0.0,0.0,0.0,0.0,-1.1102230246251565e-16,-1.1102230246251565e-16,0.0,0.0,0.0,0.0,0.0,0.0,0.0,0.0,-1.1102230246251565e-16,0.0,-2.220446049250313e-16,0.0,0.0,0.0,0.0,0.0,-1.1102230246251565e-16,0.0,0.0,0.0,0.0,0.0
7.24092660830955e-13,1.4488948235635846e-12,2.173631934165865e-12,2.899158343949715e-12,3.6237189464383146e-12,4.349500794254002e-12,5.074943503630136e-12,5.800100850994472e-12,6.526048798582984e-12,7.251792916163069e-12,7.977818058946262e-12,8.704393542752209e-12,9.430521034220485e-12,1.0156948632850105e-11,1.0883940450290286e-11,1.1610583154630927e-11,1.2337242772525459e-11,1.3064498701614857e-11,1.3791553836461912e-11,1.4518903874299882e-11,1.5246519758510546e-11,1.597456628782412e-11,1.6701922830875127e-11,1.743004742274512e-11,1.8157961679393653e-11,1.888647658404574e-11,1.9614295430903095e-11,2.034284633106731e-11,2.1071685195328538e-11,2.1800277295175308e-11,2.2528987356218444e-11,2.3257630196726886e-11,2.3986843761258925e-11,2.4715827908611265e-11,2.5445535869333957e-11,2.617469956056606e-11,2.6904269610772413e-11,2.763346235862274e-11,2.836321845792189e-11,2.9092831442534273e-11,2.9822594914408196e-11,3.0552372697750796e-11,3.12821266286456e-11,3.201258485727165e-11,3.2742900404891806e-11,3.3473118374316435e-11,3.420289745870164e-11,3.4933364360945074e-11,3.566374712909992e-11,3.639416285700081e-11,3.712469177560851e-11,3.785527100119701e-11,3.85858111955073e-11,3.931666233900066e-11,4.0047632744733e-11,4.0778342508263066e-11,4.150898028076888e-11,4.2239635400509457e-11,4.297083956023018e-11,4.370122146102329e-11,4.4432194468840835e-11,4.516346151228756e-11,4.589367991539306e-11,4.662504757280139e-11,4.735593427812601e-11,4.80864549567972e-11,4.881734122844095e-11,4.954850548952172e-11,5.027943512925237e-11,5.100996318049833e-11,5.174060398877023e-11,5.24714815867966e-11,5.3202213901731854e-11,5.393332525374661e-11,5.4664076650640103e-11,5.539443816843237e-11,5.61253205369483e-11,5.685573973429614e-11,5.758649286591311e-11,5.831668698288994e-11,5.90476179236632e-11,5.977777214200009e-11,6.050816531849579e-11,6.123835813443002e-11,6.196867194732669e-11,6.269900527586247e-11,6.342910745249508e-11,6.415897153833061e-11,6.488900302498157e-11,6.561884108996496e-11,6.634894023083149e-11,6.707900467722849e-11,6.78086046514148e-11,6.853823758534716e-11,6.926869104348365e-11,6.999862928874778e-11,7.072894006587838e-11,7.145903833938316e-11,7.218908370382193e-11,7.29191780741989e-11
0.0,0.0,0.0,0.0,0.0,0.0,0.0,0.0,0.0,0.0,0.0,0.0,0.0,0.0,0.0,0.0,0.0,0.0,0.0,0.0,0.0,0.0,0.0,0.0,0.0,0.0,0.0,0.0,0.0,0.0,0.0,0.0,-1.1102230246251565e-16,-2.220446049250313e-16,0.0,0.0,0.0,0.0,0.0,-1.1102230246251565e-16,0.0,0.0,0.0,-1.1102230246251565e-16,0.0,0.0,0.0,0.0,0.0,0.0,-1.1102230246251565e-16,-1.1102230246251565e-16,0.0,0.0,0.0,0.0,0.0,0.0,0.0,-2.220446049250313e-16,0.0,0.0,0.0,0.0,0.0,0.0,0.0,-2.220446049250313e-16,0.0,0.0,0.0,0.0,0.0,0.0,0.0,0.0,0.0,0.0,0.0,-1.1102230246251565e-16,-1.1102230246251565e-16,0.0,0.0,0.0,-2.220446049250313e-16,0.0,0.0,0.0,0.0,0.0,-1.1102230246251565e-16,0.0,0.0,0.0,-1.1102230246251565e-16,0.0,0.0,0.0,0.0,0.0
7.248190762865203e-13,1.4499512701604544e-12,2.1748484090033937e-12,2.900275505868244e-12,3.624588042899779e-12,4.349792227797966e-12,5.074653804809648e-12,5.7989984342254886e-12,6.523835291427638e-12,7.2476469270554844e-12,7.972600444411393e-12,8.696539148533855e-12,9.420879874821875e-12,1.0145326419241929e-11,1.0869876179708804e-11,1.1594026953776204e-11,1.2318066705541142e-11,1.3042341078656206e-11,1.3766101539941511e-11,1.4490380249865265e-11,1.5214207064323526e-11,1.593782224251772e-11,1.6661664235806395e-11,1.7385349236620495e-11,1.810932957410638e-11,1.8832565715221072e-11,1.9556434596723626e-11,2.0279939186296225e-11,2.1003167521155275e-11,2.172679917922249e-11,2.2449588629042116e-11,2.317337120805174e-11,2.3896626431124668e-11,2.4620079846354725e-11,2.534308136611929e-11,2.606639253402432e-11,2.6789250505421247e-11,2.7512340496083088e-11,2.823494216208644e-11,2.8958085929176036e-11,2.968087581267653e-11,3.040364401213358e-11,3.112629771984121e-11,3.184848652165728e-11,3.257141474935499e-11,3.329384988190465e-11,3.401641728711935e-11,3.4739276559558885e-11,3.546135910956205e-11,3.6184123839572147e-11,3.690645879184107e-11,3.7628929052541116e-11,3.835132645485517e-11,3.9073700004721434e-11,3.979629690023523e-11,4.051837424606797e-11,4.124077034733942e-11,4.196318336216476e-11,4.2685843575085425e-11,4.340810697001096e-11,4.4131459337598544e-11,4.485421496031039e-11,4.557705862023864e-11,4.630031384331157e-11,4.702387047458845e-11,4.7748173470640864e-11,4.847343099828594e-11,4.920178110420781e-11,4.993519790372214e-11,5.0676262231680314e-11,5.142869116681048e-11,5.219726994382112e-11,5.298867247760519e-11,5.3809945214922106e-11,5.46711009796752e-11,5.558189498933164e-11,5.6554764343852426e-11,5.760405000221347e-11,5.874469313771336e-11,5.999610183660131e-11,6.137820026536067e-11,6.291390412110909e-11,6.46307716546668e-11,6.655754723403073e-11,6.872880346439625e-11,7.118046430054648e-11,7.395330181569904e-11,7.709387295218306e-11,8.065194475811999e-11,8.468350326529261e-11,8.924778277519252e-11,9.441376239843757e-11,1.0025275878552953e-10,1.0684591839754676e-10,1.1427961615212423e-10,1.22648724509844e-10,1.3205676135941147e-10,1.4261499880346973e-10,1.5444273420914256e-10,1.676712249945589e-10
0.0,0.0,0.0,0.0,0.0,0.0,0.0,0.0,0.0,0.0,0.0,0.0,0.0,0.0,0.0,0.0,-1.1102230246251565e-16,0.0,-1.1102230246251565e-16,0.0,0.0,0.0,0.0,0.0,0.0,0.0,0.0,0.0,0.0,0.0,-1.1102230246251565e-16,-1.1102230246251565e-16,0.0,0.0,0.0,0.0,0.0,0.0,0.0,0.0,0.0,0.0,0.0,0.0,0.0,0.0,0.0,0.0,0.0,-1.1102230246251565e-16,0.0,-1.1102230246251565e-16,0.0,0.0,0.0,0.0,0.0,0.0,0.0,0.0,0.0,0.0,0.0,0.0,0.0,0.0,0.0,0.0,0.0,0.0,0.0,0.0,0.0,0.0,0.0,0.0,0.0,0.0,0.0,0.0,0.0,0.0,0.0,0.0,0.0,0.0,0.0,0.0,0.0,0.0,0.0,0.0,0.0,0.0,0.0,0.0,0.0,0.0,-1.1102230246251565e-16,0.0
7.247045845371058e-13,1.4498198648571492e-12,2.1747304478070273e-12,2.9001731571831613e-12,3.624580236644137e-12,4.349828223310093e-12,5.074670718363539e-12,5.798980219628991e-12,6.5238474344919695e-12,7.247764888251851e-12,7.972374930359516e-12,8.69692078769857e-12,9.421233758410974e-12,1.0145612214934596e-11,1.086961900695349e-11,1.1594154889632557e-11,1.2318186835141853e-11,1.3042464677703869e-11,1.3766616752813876e-11,1.4490253615051518e-11,1.5214315050859906e-11,1.5937964923523618e-11,1.666190319396521e-11,1.7385656716356612e-11,1.8109759785528423e-11,1.883346300093902e-11,1.955726119245993e-11,2.0281056781895623e-11,2.1005405314439285e-11,2.1729124142361167e-11,2.2453164327806974e-11,2.31774252568151e-11,2.3901345746341063e-11,2.4626422862744635e-11,2.535224504288114e-11,2.6081338044131597e-11,2.6815047578232498e-11,2.755772172957638e-11,2.831304158137926e-11,2.9085949360824204e-11,2.98851143484824e-11,3.071962953113405e-11,3.1601538660191997e-11,3.254443806458007e-11,3.356472001378452e-11,3.468338940701421e-11,3.5922095593249326e-11,3.7309445463651336e-11,3.8876244671387505e-11,4.065879967776742e-11,4.2698765963938845e-11,4.504342255087779e-11,4.774724409253861e-11,5.0871427296345084e-11,5.448367581747937e-11,5.866192731227016e-11,6.349295872051797e-11,6.907196212560529e-11,7.550781310969312e-11,8.291829419262986e-11,9.143598725391833e-11,1.0120492855217322e-10,1.123850526529857e-10,1.2515033584112323e-10,1.396695098986045e-10,1.495983194092776e-10,1.5578516037936807e-10,1.6705707477082665e-10,1.8681321333618994e-10,2.1904127817107266e-10,2.6886788411992213e-10,3.434039797314825e-10,4.5165894765539227e-10,6.041912430435059e-10,8.13341812736651e-10,1.0932711962292896e-9,1.4600517028034998e-9,1.9318343673878358e-9,2.529018299033542e-9,3.2744243831130115e-9,4.19358882558854e-9,5.315304957027173e-9,6.671547753047541e-9,8.297501754260528e-9,1.0231718120326527e-8,1.2516255615269145e-8,1.5196798149735846e-8,1.8322750171707175e-8,2.1947293029397213e-8,2.6127411313463245e-8,3.092386828855084e-8,3.6401131322735814e-8,4.262724323089023e-8,4.967362807976189e-8,5.761483231822573e-8,6.652819930846529e-8,7.649346509853994e-8,8.759228981025657e-8,9.990771685907535e-8,1.1352357128348659e-7
0.0,0.0,0.0,0.0,0.0,0.0,0.0,0.0,0.0,0.0,0.0,0.0,0.0,0.0,-1.1102230246251565e-16,0.0,0.0,0.0,0.0,-1.1102230246251565e-16,0.0,0.0,0.0,0.0,0.0,0.0,0.0,0.0,0.0,0.0,0.0,0.0,0.0,0.0,0.0,-2.220446049250313e-16,-2.220446049250313e-16,0.0,0.0,0.0,0.0,0.0,-1.1102230246251565e-16,0.0,0.0,0.0,-1.1102230246251565e-16,-1.1102230246251565e-16,0.0,0.0,0.0,0.0,-1.1102230246251565e-16,0.0,-1.1102230246251565e-16,-1.1102230246251565e-16,0.0,0.0,0.0,0.0,-1.1102230246251565e-16,0.0,0.0,0.0,0.0,0.0,-1.1102230246251565e-16,0.0,0.0,0.0,0.0,0.0,0.0,0.0,0.0,0.0,0.0,-2.220446049250313e-16,-1.1102230246251565e-16,-2.220446049250313e-16,-3.3306690738754696e-16,-4.440892098500626e-16,-6.661338147750939e-16,-8.881784197001252e-16,-1.3322676295501878e-15,-1.6653345369377348e-15,-2.220446049250313e-15,-2.9976021664879227e-15,-3.774758283725532e-15,-4.6629367034256575e-15,-5.88418203051333e-15,-7.327471962526033e-15,-8.881784197001252e-15,-1.0658141036401503e-14,-1.2656542480726785e-14,-1.509903313490213e-14,-1.7985612998927536e-14,-2.1316282072803006e-14,-2.4868995751603507e-14,-2.90878432451791e-14
7.24692875153643e-13,1.4497929766432716e-12,2.174745626637442e-12,2.9002434134839383e-12,3.624588476580648e-12,4.349832126437914e-12,5.074884956712822e-12,5.7993709660919546e-12,6.5245179051154345e-12,7.2491301156274446e-12,7.974480017297614e-12,8.701106675446102e-12,9.432012029048087e-12,1.0171466967301424e-11,1.0925270670786302e-11,1.170343249395911e-11,1.251950192820983e-11,1.3393829881996888e-11,1.4349287816989298e-11,1.5419931390786568e-11,1.6645847027152438e-11,1.807716823454264e-11,1.9775814232708688e-11,2.181673938728146e-11,2.4289157490864355e-11,2.7300044169731308e-11,3.0975210243977536e-11,3.546194718082041e-11,4.0930886284484824e-11,4.757853703032944e-11,5.563158310753491e-11,6.534730048746162e-11,7.70176470342443e-11,8.480406958263909e-11,8.927367785988016e-11,9.851458537823987e-11,1.1627494670221616e-10,1.4719320467343477e-10,1.9729837208437573e-10,2.7481661087416787e-10,3.9061192214778773e-10,5.58174045178772e-10,7.936163896188342e-10,1.1159317450139261e-9,1.5473260919079967e-9,2.11367961805084e-9,2.8452911684725968e-9,3.777010333400749e-9,4.948469266297106e-9,6.4044435818012835e-9,8.195194545548845e-9,1.0376777494127548e-8,1.3011302729681873e-8,1.616713416526666e-8,1.991901115274211e-8,2.434806673033002e-8,2.9541737400946844e-8,3.559353345915228e-8,4.2602666931994965e-8,5.067351826430061e-8,5.99149301209849e-8,7.043933577437558e-8,8.236172662975938e-8,9.579846524518029e-8,1.1149248944387902e-7,1.5075873194226805e-7,2.421852011266941e-7,4.048090473311554e-7,6.51299675418545e-7,9.96512010376007e-7,1.4765550909656353e-6,2.133340701106299e-6,3.0021101556200816e-6,4.118704149648315e-6,5.522999398320169e-6,7.25580389806255e-6,9.361985122093974e-6,1.1890762469823034e-5,1.4896015818660104e-5,1.8436612532093336e-5,2.258324211850283e-5,2.7413551785252042e-5,3.300549816901907e-5,3.944362063069539e-5,4.681945602321401e-5,5.523190242134575e-5,6.478767644104528e-5,7.560173073372419e-5,8.77976850845192e-5,0.00010150828064583962,0.0001168758234409515,0.00013405264348416218,0.0001532015490581535,0.00017449628705028773,0.00019812200742595765,0.00022427573145288038,0.00025316674542093416,0.00028501710787355106,0.0003200620705467337,0.0003585505098068044
0.0,0.0,0.0,0.0,0.0,0.0,0.0,-1.1102230246251565e-16,0.0,0.0,0.0,0.0,0.0,0.0,0.0,0.0,0.0,0.0,0.0,0.0,0.0,0.0,-1.1102230246251565e-16,-1.1102230246251565e-16,0.0,0.0,0.0,0.0,0.0,0.0,-1.1102230246251565e-16,0.0,0.0,0.0,-1.1102230246251565e-16,0.0,-1.1102230246251565e-16,0.0,0.0,0.0,0.0,-1.1102230246251565e-16,-1.1102230246251565e-16,0.0,0.0,0.0,0.0,-1.1102230246251565e-16,-1.1102230246251565e-16,-2.220446049250313e-16,-4.440892098500626e-16,-5.551115123125783e-16,-8.881784197001252e-16,-9.992007221626409e-16,-1.3322676295501878e-15,-1.7763568394002505e-15,-2.220446049250313e-15,-2.886579864025407e-15,-3.552713678800501e-15,-4.107825191113079e-15,-5.10702591327572e-15,-5.995204332975845e-15,-7.105427357601002e-15,-8.548717289613705e-15,1.5467358505105722e-9,3.896298217398453e-8,1.663844448884788e-7,4.00128614908013e-7,7.547775904281906e-7,1.2488467280302729e-6,1.9462961029503845e-6,2.9368997367384964e-6,4.257513559702275e-6,5.953620896059775e-6,8.075129029672112e-6,1.0670683159297312e-5,1.3793817881913029e-5,1.7502827210025274e-5,2.186089292699478e-5,2.6936287853329688e-5,3.281589316683764e-5,3.959114326668178e-5,4.7348447150374895e-5,5.618122977035789e-5,6.61897585476634e-5,7.748127690443418e-5,9.01703289211131e-5,0.0001043790457631033,0.00012023745599698543,0.00013788382851043224,0.00015746500246560657,0.00017913673897274052,0.0002030640691859098,0.0002294216545126737,0.0002583941569203052,0.00029017662134322997,0.00032497477486237436,0.0003630054762668866,0.0004044970705736617,0.0004496897688837098
7.325685197345777e-13,1.5004482031844013e-12,2.3603580028008775e-12,3.4146943085622272e-12,4.828593688083194e-12,6.8572092448704325e-12,9.863317194241938e-12,1.4348531477553772e-11,2.0970545178827793e-11,3.0567726735236667e-11,3.722124041274921e-11,4.119590085727154e-11,5.159377656008268e-11,7.471972172934382e-11,1.1993369145035793e-10,2.012289419296709e-10,3.3857358540043125e-10,5.588858312775835e-10,8.973212008503428e-10,1.3983429917457935e-9,2.1169695098473273e-9,3.1201473778795508e-9,4.488074278104909e-9,6.315389817872219e-9,8.7121403580942e-9,1.1804418509949594e-8,1.5734548561210232e-8,2.066070882173615e-8,2.67558794594773e-8,3.420603256112237e-8,4.320753497003005e-8,5.396377261756083e-8,6.66810947252787e-8,8.983543838209443e-8,1.6578725513726952e-7,3.1704171368079903e-7,5.620860383161869e-7,9.230253698701632e-7,1.4416547980734308e-6,2.1704913493779746e-6,3.1635189532024967e-6,4.47689024512133e-6,6.170741567985624e-6,8.31295260959224e-6,1.097984859061308e-5,1.4263577436084661e-5,1.8267959718171016e-5,2.31020013670381e-5,2.8886602716009582e-5,3.5755443269565746e-5,4.385589646016628e-5,5.3349968171388824e-5,6.441525848649172e-5,7.724594948841854e-5,9.205378627951061e-5,0.00010906907427162514,0.00012854169395612068,0.00015074209733060813,0.00017596229449538554,0.00020451686871611387,0.00023674376145090903,0.0002730053811929329,0.0003136895005849778,0.0003592099651755442,0.00041000817376048377,0.00046656202009395884,0.0005293839666782214,0.0005989936870582826,0.000675942085779774,0.0007608106297601358,0.0008542354141201918,0.0009568906785060835,0.0010694399978551728,0.001192583370183718,0.0013270497490284728,0.0014735976678205693,0.0016330174546380183,0.0018061307363122108,0.0019937906834511126,0.002196882901495749,0.0024163286918344362,0.0026530752680256303,0.0029081031342158676,0.003182425182242572,0.0034770881900703337,0.0037931690456137284,0.0041317784468426644,0.004494059997198856,0.00488118986606108,0.005294377333100083,0.005734864406485192,0.006203925902573742,0.006702869113708848,0.007233033737010671,0.007795791803155445,0.008392547831175313,0.009024736096105823,0.009693822780517105,0.01040130478138798,0.011148709196459793
0.0,0.0,0.0,0.0,0.0,0.0,0.0,0.0,0.0,-2.220446049250313e-16,0.0,-1.1102230246251565e-16,0.0,0.0,-2.220446049250313e-16,0.0,-1.1102230246251565e-16,0.0,-1.1102230246251565e-16,0.0,0.0,0.0,0.0,0.0,-1.1102230246251565e-16,0.0,-2.220446049250313e-16,-4.440892098500626e-16,-5.551115123125783e-16,-5.551115123125783e-16,-8.881784197001252e-16,-9.992007221626409e-16,-1.2212453270876722e-15,3.0419309071660905e-8,1.5506686068533782e-7,3.96373358801938e-7,7.772650063575526e-7,1.3265014349173043e-6,2.103593559121819e-6,3.20722633118109e-6,4.7266291873793165e-6,6.7292176504363255e-6,9.289788191813031e-6,1.249204152764527e-5,1.6428822317227088e-5,2.1216100368315338e-5,2.6979637840041093e-5,3.3845224649331485e-5,4.19510161147052e-5,5.144769665954563e-5,6.249904297472852e-5,7.528256606326167e-5,8.999019036526335e-5,0.00010682896395164398,0.00012602175589493392,0.00014780797512803368,0.00017244431706608943,0.00020020549514332409,0.00023138497616792542,0.00026629577243553193,0.00030527100408606067,0.0003486647584209912,0.00039685300287151115,0.0004502340229337598,0.0005092293761010946,0.0005742850882921591,0.0006458677255791745,0.0007244695333339379,0.0008106074437099764,0.0009048245934086818,0.001007692936910498,0.0011198023022322978,0.0012417727892912733,0.0013742527106412883,0.0015179158930855863,0.0016734644792464337,0.0018416297766488121,0.002023171923879463,0.002218880222512043,0.002429574102706278,0.0026561046193100957,0.0028993466037896543,0.0031602074539724967,0.0034396243552463623,0.0037385656630655184,0.004058026878339005,0.004399034273207203,0.004762643686245571,0.0051499399302581406,0.00556203710061709,0.006000077889490196,0.006465233379117086,0.00695870241037877,0.007481711178290107,0.008035512836849446,0.008621387343133557,0.009240638305909155,0.009894594890625497,0.010584610211310075,0.01131206046311628
7.29447058311905e-12,5.432302697949698e-11,2.1305882015251743e-10,6.180578050220265e-10,1.495063827513382e-9,3.1832422947575267e-9,6.147952346866048e-9,1.0970565057083492e-8,1.83188202315665e-8,2.8899098819708258e-8,5.2971644203848867e-8,1.4523782560340107e-7,3.520351611022328e-7,7.251210509123807e-7,1.348876725268313e-6,2.3374718046307794e-6,3.826938131172748e-6,5.9817745078636145e-6,8.995440002706502e-6,1.3090093082977414e-5,1.8525260934678517e-5,2.5601395912245792e-5,3.4663492610935865e-5,4.610475044159639e-5,6.037014865027321e-5,7.795998210913474e-5,9.943329959958766e-5,0.0001254110868314953,0.00015657934628274597,0.00019369171168448105,0.000237571990267511,0.00028911615258619136,0.00034929398512503415,0.0004191703770161201,0.0004998758654903871,0.0005926004038798232,0.0006986110768407551,0.0008192530741838282,0.0009559510907166261,0.0011102271674957353,0.0012836599401436625,0.0014778791761196385,0.001694584316135993,0.0019355455774917492,0.0022026027270154883,0.0024976671713029886,0.002822709182646769,0.0031797652256848564,0.0035709361033471852,0.003998385851562775,0.004464340692010407,0.004971087606507738,0.005520973111163064,0.006116402391161144,0.0067598366915365094,0.007453791263289132,0.008200834868138718,0.009003587450960884,0.00986471790114966,0.010786943953917053,0.01177302431634665,0.012825759553907363,0.013947990873920204,0.015142595667275518,0.016412485019158207,0.01776060167209347,0.0191899152746887,0.020703418784217425,0.02230412826017017,0.023995076664001032,0.02577931223599347,0.02765989059984808,0.02963988108124028,0.03172235803438463,0.033910392531749836,0.036207058044757524,0.03861541864691886,0.04113852462859479,0.04377941035249541,0.04654109313965132,0.04942657519229921,0.052438824880563444,0.05558078082025377,0.05885534720872504,0.06226539481732653,0.06581375666662197,0.06950321459690623,0.07333649869997473,0.07731628691900796,0.08144520042198121,0.08572579934219136,0.09016058055767175,0.09475197188188068,0.09950232982337116,0.1044139377638309,0.10948900270507912,0.11472965154860298,0.12013792292238519,0.12571576807629864,0.13146504823853822
0.0,-1.1102230246251565e-16,0.0,-1.1102230246251565e-16,0.0,0.0,0.0,-1.1102230246251565e-16,0.0,0.0,3.530912029425792e-8,1.9742386614396423e-7,5.461651610971785e-7,1.1545693350267783e-6,2.147016073816843e-6,3.715582471031098e-6,6.06255733104355e-6,9.402621286014323e-6,1.3982790513678012e-5,2.007515650181979e-5,2.7989910530212825e-5,3.807710759873295e-5,5.072880881606956e-5,6.638132695013788e-5,8.551733222872393e-5,0.0001086679485189368,0.0001364148037719115,0.00016939187473030692,0.00020828739686362674,0.0002538454146943092,0.0003068675324970904,0.0003682142869831928,0.0004388064450506768,0.0005196270501450773,0.0006117180373734765,0.00071618268519269,0.0008341863769329994,0.0009669603730337872,0.001115796405305014,0.0012820501009058738,0.0014671329651809728,0.0016725234592851468,0.001899758839760235,0.002150438894097606,0.002426225066759047,0.0027288401028162657,0.0030600573482049143,0.0034217103398177517,0.0038156877604567097,0.004243931676769064,0.004708435726341609,0.005211242816349326,0.005754442986689368,0.0063401716225046645,0.006970605574786237,0.007647960391790276,0.008374488593900997,0.009152476312900726,0.009984240016779555,0.010872125500501095,0.011818498482407458,0.012825746691944806,0.013896274844924505,0.015032499895459406,0.016236848134482562,0.017511752309111506,0.018859646323212242,0.02028296134488672,0.021784123956853696,0.023365550091340115,0.02502964313960865,0.026778784739017958,0.02861534304712321,0.03054165834794431,0.03256003984154221,0.03467277124829238,0.03688209285125965,0.03919020298654674,0.04159925524546071,0.044111356790791145,0.046728572210516184,0.049452901123060666,0.052286285457238124,0.055230605643246555,0.05828768569130638,0.06145928253906985,0.06474707600019647,0.06815267115834511,0.07167759843048294,0.07532330910567753,0.0790911731520656,0.08298247846952722,0.0869984262165544,0.0911401304832058,0.09540861809707812,0.09980483075302682,0.1043296172686341,0.10898372768338338,0.11376781833978189,0.11868245120484011
2.622064639579147e-7,1.3997040030342724e-6,4.464058620614903e-6,1.1204467391334304e-5,2.4061134519404864e-5,4.615242067470887e-5,8.12526775390795e-5,0.00013376530658964656,0.00020869314609659427,0.00031155580205591065,0.0004483254561757624,0.000625326093881602,0.0008491441997357141,0.0011265859136948614,0.0014646205893720258,0.0018703532397852914,0.002350948325821536,0.0029136067860569175,0.003565557479308581,0.004314044143329401,0.005166313322307042,0.006129596938494413,0.007211100973370104,0.008417992285940645,0.009757385702371134,0.011236332528769422,0.012861804640582567,0.01464068544015678,0.01657975884682226,0.018685691863412776,0.020965028397874615,0.02342417764172585,0.02606940028463368,0.028906801766585357,0.03194232332224007,0.03518172823981009,0.03863059506344565,0.042294314406017774,0.046178073799561646,0.050286851759351985,0.05462540730003863,0.05919828294390624,0.06400979319043941,0.0690640166211965,0.07436479563144018,0.07991573553238876,0.08572018651629235,0.09178124886755504,0.09810176681318492,0.10468432749033092,0.11153126034828782,0.1186446276145996,0.12602622967137728,0.1336776025581573,0.1416000215708672,0.14979449099859085,0.1582617474092474,0.16700225996686868,0.17601623231664298,0.1853036093352489,0.19486407585774898,0.20469705268744867,0.2148016936615912,0.22517689360187565,0.23582129166205504,0.24673327392202016,0.25791098116345196,0.26935231115439184,0.281054914835141,0.2930162133701605,0.305233387543599,0.317703379597999,0.33042291866667184,0.34338850777012175,0.3565964295932955,0.3700427525414467,0.3837233475852012,0.3976338883982353,0.41176985089338436,0.42612651875763435,0.4406989952625452,0.45548220967613984,0.47047092022249887,0.4856597225009582,0.5010430575938317,0.5166152116186565,0.5323703344013485,0.5483024457203377,0.5644054332595977,0.5806730641093458,0.5970989891293168,0.61367675668313,0.6303998159460281,0.647261522541177,0.6642551552257486,0.6813739221864334,0.698610953794125,0.7159593230840455,0.7334120527270905,0.750962126643981
9.400686411531467e-7,4.053577477902692e-6,1.0702080415203596e-5,2.3082646964489584e-5,4.405146459207643e-5,7.701181052865991e-5,0.0001258291761558894,0.00019477101920961637,0.0002884646921301748,0.00041182938463157903,0.0005700196289912807,0.0007683817614532185,0.0010124233718076248,0.0013077816245674612,0.001660181026330143,0.0020754033985934672,0.0025592521317401307,0.003117537868466913,0.0037560401158136525,0.004480492020302318,0.00529655807358087,0.006209812070905096,0.007225708059295011,0.008349574896671319,0.009586595489917471,0.010941793527891486,0.012420016395152,0.014025924667520506,0.01576398339626084,0.017638446790290585,0.01965335376943944,0.021812520856508533,0.024119532912436625,0.026577741593184934,0.02919026427397231,0.03195997872130274,0.034889515224530765,0.03798126799782087,0.04123738392916798,0.04465976375512537,0.04825006328496251,0.05200970631432167,0.055939879428665185,0.060041530842754876,0.0643153836230943,0.06876194752254872,0.07338149850013176,0.0781740988048858,0.08313960032544587,0.08827765280980082,0.0935877129681364,0.0990690429022838,0.10472072295395929,0.1105416592315287,0.11653059758273976,0.12268611442189115,0.1290066314920344,0.13549042367430886,0.14213562785540512,0.14894026149516737,0.15590221925210068,0.16301927019453877,0.17028907446452757,0.17770919087178916,0.18527708480846394,0.19299013536436171,0.2008456483758081,0.20884085808666408,0.21697293235334403,0.2252389877204528,0.23363608211143827,0.24216122451554156,0.2508113946893249,0.2595835381410698,0.26847457024176813,0.27748138515352494,0.2866008691402038,0.2958298984563261,0.30516534191224354,0.3146040657213769,0.32414294451891124,0.3337788657856293,0.34350872763487117,0.35332944605687855,0.3632379619913586,0.37323123955572535,0.3833062790220443,0.39346011554970284,0.4036898183434676,0.41399249651696435,0.42436529765099085,0.43480541910239845,0.4453101037793634,0.45587663959481906,0.46650237353257196,0.47718470600696294,0.4879210828143845,0.4987090074229037,0.509546040942872,0.5204298103196254
0.0011782252919982478,0.004403344871761718,0.009298285784616956,0.015633967968102184,0.02325465860523782,0.03204237074033885,0.04190180161803712,0.0527527816954806,0.064525960375621,0.07716010447908841,0.09060031957835497,0.10479676635295514,0.1197037331111591,0.13527896301264156,0.151483103994027,0.16827928333407574,0.1856327763147253,0.20351073853810572,0.2218819752688856,0.24071675994812733,0.25998668186705914,0.27966450301945806,0.299724047071478,0.3201400936472241,0.34088830210780147,0.36194514622562296,0.38328784369288327,0.40489429645411773,0.4267430589999581,0.4488132844001406,0.47108468568899536,0.49353751389456074,0.5161525269510746,0.5389109664261283,0.561794551966777,0.5847854486620723,0.6078662475216772,0.6310199739867393,0.6542300581890481,0.6774803351394744,0.7007550387419721,0.7240388009289146,0.7473166430862712,0.7705739778922582,0.7937966163429435,0.8169707565699313,0.8400829811484537,0.863120269428093,0.8860699954825654,0.9089199310430062,0.9316582630268309,0.9542735780686487,0.9767548663870412,0.9990915335257444,1.021273402274622,1.0432907171638315,1.0651341498224483,1.0867948011682769,1.1082642069198017,1.129534342364466,1.1505976175694197,1.1714468870789214,1.1920754508430693,1.212477054990715,1.2326458941254315,1.2525766124678481,1.2722643044170594,1.2917045095630504,1.3108932252847505,1.3298268890294904,1.3485023803234293,1.3669170207937942,1.3850685715224924,1.4029552250649964,1.420575610842027,1.4379287796472842,1.4550141982150642,1.4718317473217457,1.4883817021344385,1.504664727221857,1.5206818610299586,1.5364344991857357,1.5519243859151457,1.5671535988276177,1.58212453514488,1.596839904729498,1.6113027266132098,1.6255162944925365,1.6394841748485278,1.6532101911300772,1.6666984092450383,1.6799531234176939,1.6929788423700387,1.7057802656941066,1.7183622750622949,1.7307299208960083,1.7428883941166982,1.7548430186618675,1.7665992384359246,1.778162608263773
1.0212716972102243e-6,5.319480213872296e-6,1.6705519613635644e-5,4.0927376648181024e-5,8.527222568366355e-5,0.00015830034050989816,0.0002696390102030488,0.0004298108255476052,0.0006500868725594078,0.0009423409067972344,0.0013189406909608348,0.0017926239561971702,0.0023764044031187037,0.0030834810486239927,0.003927133298678109,0.004920646704760889,0.0060772340570334205,0.007409963165127653,0.008931689168591328,0.01065499279377713,0.01259212063901427,0.014754923141168996,0.017154832626893768,0.01980279473468305,0.022709235704984954,0.025884031421307352,0.029336472992925522,0.03307523303438176,0.03710835260143952,0.04144321735517087,0.04608653121635786,0.05104431657812647,0.0563218985363112,0.06192389188741876,0.0678542189311373,0.07411609351363202,0.0807120076365404,0.08764375634723764,0.09491243464533916,0.10251844579127534,0.11046151417605721,0.11874069821565447,0.12735440225378825,0.13630039521095894,0.1455758300288621,0.15517725438627328,0.16510063457050617,0.17534138222539597,0.18589436984188978,0.19675395045124522,0.2079139955106224,0.21936790322441269,0.23110862355816852,0.24312868902570806,0.255420238080192,0.2679750444269937,0.2807845403697429,0.2938398408665348,0.30713177186393237,0.3206508959309671,0.33438753181498204,0.34833179147603843,0.3624735929506,0.3768026903646762,0.39130869971474835,0.4059811249278049,0.4208093777095694,0.4357828020650407,0.45089069967244133,0.4661223476700267,0.4814670198324631,0.49691400920745976,0.5124526478752922,0.5280723265309295,0.5437625186948261,0.5595127938601032,0.5753128323656898,0.591152441483866,0.6070215655465889,0.6229103121775326,0.6388089653923734,0.6547080021516414,0.670598094279754,0.686470123548272,0.7023151920504895,0.7181246347847496,0.7338900330298037,0.7496032130657311,0.7652562597993384,0.7808415243939755,0.7963516332594536,0.8117794877707796,0.8271182762239131,0.8423614707163827,0.8575028315186897,0.8725364213351878,0.8874565909497194,0.9022579844467071,0.9169355468841518,0.9314845341459639
0.001178121340928177,0.004402915048749139,0.009297290792676376,0.01563216486608976,0.023251809289591696,0.032038247579062706,0.04189619151893968,0.05274548852682124,0.06451680484069082,0.07714893286110762,0.09058699325124696,0.10478116659421609,0.11968575787850394,0.13525852634607413,0.15146013530968894,0.16825372339094302,0.18560457962708465,0.20347986963652723,0.22184840982500328,0.24068048201495992,0.25994768396105605,0.2796227794815085,0.299679602195891,0.3200929406457942,0.3408384610299183,0.36189264340226357,0.3832327111885154,0.4048365716819545,0.4266827843411194,0.4487505068913387,0.47101945670884177,0.49346988883204324,0.5160825648448206,0.5388387295512812,0.5617201060605521,0.5847088618655867,0.6077875905578346,0.6309393197404536,0.6541474817246978,0.6773959125404508,0.7006688488123239,0.723950922903764,0.747227156871275,0.7704829658002414,0.7937041637733087,0.8168769432332448,0.8399878881750467,0.8630239776000146,0.8859725854281716,0.9088214828824412,0.9315588562673961,0.9541732916142064,0.9766537781795526,0.9989897210330886,1.0211709403931701,1.043187679891381,1.0650306096652171,1.086690829045379,1.1081598720844188,1.129429712294635,1.1504927573642458,1.1713418611571416,1.1919703211115293,1.2123718813546323,1.2325407344416452,1.2524715225501841,1.2721593377087492,1.2915997179295804,1.3107886581723047,1.3297225941778694,1.348398402271937,1.3668134025634795,1.3849653531516686,1.4028524453001296,1.420473305307785,1.4378269823145369,1.4549129396269154,1.4717310561354198,1.4882816064402098,1.5045652540310541,1.5205830367667699,1.5363363502076186,1.5518269380242227,1.5670568769237012,1.5820285628301975,1.5967447048168977,1.6112083205252343,1.6254227029945625,1.6393914176214812,1.653118286908519,1.6666073761015812,1.6798629787110266,1.692889602912697,1.705691947763816,1.7182748933878595,1.7306434910786055,1.7428029311826667,1.754758536981726,1.7665157519993042,1.778080130460909
4.530424502213748e-8,8.070988386510436e-7,3.9295782880977015e-6,1.178824681269397e-5,2.7369767845453197e-5,5.417920816785937e-5,9.616592014838332e-5,0.0001576682705937138,0.00024336105526567842,0.00035822666598561703,0.0005074739488575286,0.0006965035072259429,0.0009308686183764348,0.0012162509498558904,0.0015584168345659233,0.0019631829088515573,0.00243639394248496,0.002983896255192242,0.003611509551066705,0.004325002600636729,0.005130073373176058,0.006032327421497952,0.00703725660682486,0.008150221728964846,0.009376438259938169,0.010720962081707697,0.012188672412157153,0.01378426123358567,0.015512224712981082,0.017376847949229335,0.019382200448731846,0.021532129100414465,0.02383024895419128,0.0262799412325756,0.02888435397922806,0.031646393800055295,0.03456872057854654,0.0376537576758067,0.04090368179631354,0.04432042111915768,0.047905663483737815,0.051660863688920866,0.05558723282593703,0.05968574843577379,0.06395716834828247,0.06840202445612298,0.07302062069127468,0.07781304642534836,0.08277918100774606,0.08791870127665335,0.0932310906755629,0.09871563764210456,0.10437144838109824,0.11019745927919233,0.11619243744490149,0.12235498240122622,0.1286835396942314,0.13517640718011648,0.14183174390446052,0.14864758890669538,0.15562185697344888,0.16275233750248552,0.1700367087043253,0.17747254688433012,0.1850573338068655,0.1927884636782049,0.20066325786063643,0.20867896199410518,0.2168327546694706,0.22512176309404341,0.23354305233497108,0.24209363927622674,0.25077050276735613,0.25957059553370043,0.26849083548041097,0.27752811737580174,0.2866793242486234,0.2959413254085357,0.3053109854470686,0.31478516310701643,0.32436072274293304,0.3340345391519357,0.3438034959905645,0.35366449253390564,0.3636144506624577,0.3736503135582616,0.38376905909203685,0.3939676978976703,0.4042432686102646,0.4145928504767922,0.425013558758782,0.4355025564132471,0.4460570496280274,0.4566742875291516,0.467351571856518,0.4780862627025253,0.4888757626958926,0.4997175275083712,0.5106090690866396,0.5215479631879412
2.075652014979154e-8,4.251137953386816e-7,2.268729939480102e-6,7.3030888036941695e-6,1.797270121369366e-5,3.740326730497512e-5,6.938062897338983e-5,0.00011832458365716508,0.0001892489931372191,0.000287703389486194,0.0004196808696810732,0.0005915575567140481,0.0008099601065909836,0.0010817350370668577,0.0014138986587231206,0.001813573931903418,0.002287935355058424,0.0028442045246586606,0.0034896353749842264,0.004231489936896038,0.005077029480548589,0.006033500696115306,0.0071081232091505945,0.00830807497111516,0.00964048162415699,0.011112404575152234,0.012730825154214788,0.014502635704428165,0.016434628631569317,0.018533479048863138,0.020805738603761913,0.023257823901767553,0.025896002790047376,0.02872638704923794,0.0317549256058417,0.034987387286880604,0.03842935688322175,0.04208623066778148,0.04596320252486177,0.050065254330928816,0.05439715311795331,0.05896344758077123,0.06376845482410648,0.06881625861399598,0.07411070862799164,0.07965541180092825,0.0854537233955454,0.0915087468428721,0.09782333018164713,0.10440006419274327,0.11124128181174882,0.11834904856328808,0.1257251679698027,0.13337118199625342,0.14128836716065885,0.14947772949657406,0.1579400081572335,0.16667567467779357,0.17568493492773612,0.18496773599852412,0.1945237643265017,0.20435244343324332,0.2144529284409381,0.2248241157778508,0.23546464608608814,0.2463729067643546,0.2575470427860656,0.2689849508916686,0.2806842822044731,0.29264245887493584,0.3048566613899809,0.3173238340750496,0.330040698225307,0.34300376365761354,0.3562093144789273,0.3696534215197711,0.38333195325769714,0.3972405820606596,0.41137478466404526,0.4257298453255866,0.44030086705184013,0.45508277841439726,0.47007033720370855,0.4852581383968047,0.5006406223168518,0.5162120743053709,0.5319666438686506,0.5478983510869653,0.5640010808327491,0.580268599072342,0.5966945553381643,0.6132724967844158,0.629995871137993,0.6468580325998078,0.6638522552263258,0.6809717453831053,0.6982096359764282,0.7155589974123521,0.7330128504723905,0.7505641770354414
0.0,-1.1102230246251565e-16,0.0,0.0,-1.1102230246251565e-16,0.0,0.0,-1.1102230246251565e-16,0.0,0.0,7.039403726594173e-9,1.018355280102412e-7,3.632915963613925e-7,8.641396698205739e-7,1.7478830440786908e-6,3.1943913121335044e-6,5.381197812237559e-6,8.5079993057402e-6,1.282410544023449e-5,1.8600025831538858e-5,2.614189054916949e-5,3.5795773951408094e-5,4.794981369005136e-5,6.303640614091499e-5,8.15343734152929e-5,0.00010397107694859464,0.00013092441631412655,0.00016302477936447346,0.00020095688043597626,0.00024546143055514946,0.000297336765327616,0.0003574403146151539,0.000426689889359011,0.0005060652092263584,0.0005966086392452663,0.0006994203341608163,0.0008156639765020124,0.0009465687509064846,0.001093426384746854,0.0012575888329904306,0.001440469971580649,0.0016435460048311867,0.001868353451964344,0.0021164917877563028,0.002389623328040269,0.0026894673371860023,0.003017801839310774,0.003376459870144677,0.003767331200835722,0.0041923593261261605,0.004653539634746018,0.005152917019899617,0.005692583900574144,0.006274678889776508,0.006901380645954802,0.007574908541021497,0.008297518830432171,0.009071501588057806,0.009899177700314121,0.010782897579388662,0.011725031712417566,0.012727973947204152,0.013794134369261357,0.01492593604733039,0.01612581192181528,0.01739620122355423,0.01873954550307033,0.020158283584804204,0.021654849930263786,0.023231668926998017,0.024891151239847975,0.026635689698970566,0.028467660145548024,0.030389413923687325,0.03240326886644773,0.03451151595584134,0.036716410159390644,0.039020161764052874,0.041424934599957774,0.043932847886352544,0.04654597833777485,0.049266337654886305,0.05209588051759151,0.05503650027577223,0.058090033983098976,0.06125825208493696,0.0645428473541394,0.06794544053930651,0.07146757576169382,0.07511071872220376,0.07887625402866227,0.0827654843421406,0.08677962608611178,0.09091980841487923,0.09518707273229521,0.09958237225494715,0.10410657497450826,0.10876044786852734,0.11354466284965725,0.11845979755768132
7.546467790942035e-13,6.64263739499904e-12,5.420506838521577e-11,2.439999027478712e-10,7.710756456079382e-10,1.950390637189825e-9,4.231712884619765e-9,8.197143139612728e-9,1.4535712375071674e-8,2.3992850622066297e-8,3.867621057446202e-8,9.379176912210907e-8,2.503281847079583e-7,5.589133504147262e-7,1.106709231555713e-6,2.0051989113706835e-6,3.3869174131703587e-6,5.404997117038762e-6,8.251856532533186e-6,1.214783230098649e-5,1.7349062655839555e-5,2.415252085416226e-5,3.28996541321242e-5,4.398003524267715e-5,5.783498979113934e-5,7.496116193162015e-5,9.591393387529219e-5,0.000121310706577938,0.0001518339489763455,0.00018823393089311465,0.00023133118909530364,0.00028201861459836415,0.00034126311370047575,0.00041010818415897947,0.0004896973259770755,0.0005812248208459459,0.000685955355429571,0.0008052317257458354,0.0009404746222903618,0.001093219639845604,0.0012650337698697526,0.0014575482177834362,0.0016724617350802528,0.001911543851910752,0.0021766347065663716,0.002469640148733265,0.002792534993713289,0.003147354810246925,0.003536200389198025,0.003961235883403037,0.004424687742380532,0.00492884318527167,0.005476049140158055,0.006068711871990853,0.006709291921947435,0.0074003057365916594,0.008144322913181082,0.008943964189662847,0.009801899484188588,0.010720847638124125,0.011703568319892457,0.012752863563907452,0.013871575851506081,0.015062584026654939,0.01632880090940332,0.017673170510173468,0.01909866457851037,0.02060827761827897,0.022205027875182123,0.023891950459851517,0.025672094229640736,0.027548519426782114,0.029524296316859596,0.03160250191950259,0.033786209491217835,0.036078491657966616,0.03848241743579704,0.041001040853465155,0.04363739881184184,0.04639451111070072,0.04927538309044061,0.05228298584490812,0.05542026088750511,0.05869011534312334,0.062095423131654184,0.06563901982528784,0.06932369036982516,0.07315216821560133,0.07712713439938955,0.08125121308267623,0.0855269675489071,0.08995689778881227,0.09454343496813689,0.09928893867873546,0.10419569482421434,0.10926591210048787,0.11450172133135829,0.11990516560972819,0.12547819932188164,0.1312226868048333
0.0,0.0,0.0,0.0,0.0,0.0,0.0,0.0,0.0,0.0,0.0,0.0,0.0,0.0,0.0,0.0,0.0,0.0,0.0,0.0,0.0,0.0,0.0,0.0,-2.220446049250313e-16,-2.220446049250313e-16,-4.440892098500626e-16,-4.440892098500626e-16,-6.661338147750939e-16,-9.992007221626409e-16,-1.3322676295501878e-15,-1.7763568394002505e-15,-2.1094237467877974e-15,1.050148301651177e-8,9.2821818675759e-8,2.8839760535248615e-7,6.186835410648683e-7,1.110033532647492e-6,1.8066862343957268e-6,2.8199979140719478e-6,4.23307313379695e-6,6.118680824451772e-6,8.551266242440292e-6,1.161324743881309e-5,1.539635066527545e-5,2.0005463238881305e-5,2.557210326914472e-5,3.222319198514789e-5,4.0095538214490745e-5,4.933859050915146e-5,6.011490664037389e-5,7.260077160964329e-5,8.698687167729702e-5,0.00010347900920870678,0.0001222987659674768,0.0001436842702862151,0.00016789091633717668,0.00019519209987950426,0.00022587996060408067,0.00026026617026086996,0.0002986825460093989,0.00034148174705972423,0.0003890384202565045,0.0004417494946811207,0.0005000352435273747,0.0005643393902434735,0.0006351268224169537,0.0007128879419775469,0.0007981383575086376,0.0008914196465139579,0.0009933018641714586,0.0011043776424077834,0.0012252652229944871,0.0013566097043697933,0.0014990855213448118,0.0016533953147990221,0.0018202672768223849,0.0020004614390090047,0.002194766261064185,0.00240400035644317,0.0026290140980027576,0.002870681665856578,0.0031299098594919084,0.0034076353108631885,0.0037048264556391874,0.004022477532936941,0.0043616151179548535,0.004723294598017347,0.005108600904615956,0.005518648023571826,0.005954578811225852,0.006417564543081955,0.006908804432223636,0.007429525089538647,0.007980980159497442,0.008564449950796194,0.00918123979881802,0.009832679356089447,0.010520122788059583,0.011244947526479754
7.249752013993582e-13,1.4464922315493567e-12,2.1400212331379453e-12,2.7429907303866408e-12,3.1339071962510623e-12,3.113869405380054e-12,2.3928818995710976e-12,5.701459269980003e-13,-2.8805629756489814e-12,-8.634320255301864e-12,-1.752959929990361e-11,-1.5157143769262138e-11,-8.529009529884002e-12,7.936800088675922e-12,4.2807432078240115e-11,1.0954321087372487e-10,2.2729962530221304e-10,4.216824485078763e-10,7.261666420087243e-10,1.1836102094091305e-9,1.8473233832395908e-9,2.78247283070146e-9,4.0674534929410755e-9,5.795134526333928e-9,8.073901016942414e-9,1.1028374778503103e-8,1.4799703130976422e-8,1.9545284227467236e-8,2.5437821192780125e-8,3.266361495906159e-8,4.142004667246138e-8,5.191226352865147e-8,6.434914458708016e-8,8.675260223037218e-8,1.4710089349260005e-7,2.7857168329948126e-7,4.996577919608169e-7,8.314221295589209e-7,1.3067559388080414e-6,1.976219603286398e-6,2.900855139816288e-6,4.1370503191355545e-6,5.744956729868307e-6,7.791684040295808e-6,1.0352758144046171e-5,1.3514463732877246e-5,1.7382058773750438e-5,2.2065072870668632e-5,2.76833785360954e-5,3.43695889789301e-5,4.226997427608358e-5,5.154540059918887e-5,6.237229606639904e-5,7.494364666704723e-5,8.946995556951805e-5,0.00010618027924721345,0.000125323225427429,0.0001471679556427634,0.00017200518061397671,0.00020014817550907888,0.0002319336338015279,0.00026772255050749134,0.0003079014583285155,0.00035288292395785565,0.000403107442472904,0.0004590638641146518,0.0005212474452203153,0.0005901778812491356,0.0006664049601028117,0.0007505083191077428,0.0008431034822027469,0.0009448774293568021,0.001056503881368485,0.0011786774849600998,0.0013121284210812797,0.0014576160509799665,0.0016159278090407242,0.0017878853401191003,0.001974341126176968,0.0021761801119658136,0.002394323035707143,0.002629716590750976,0.0028833407034951045,0.0031562076892186343,0.003449364318000419,0.0037638860816590837,0.0041008837855248635,0.004461500324373343,0.004846911654008305,0.005258326554855237,0.005696986725033867,0.006164166626772652,0.0066611733061486406,0.007189346172654831,0.0077500569606422445,0.008344709694160936,0.00897473939323819,0.009641611702248141,0.010346823438537192,0.011091901707643015
0.0,0.0,0.0,0.0,-1.1102230246251565e-16,-1.1102230246251565e-16,0.0,0.0,0.0,0.0,0.0,-1.1102230246251565e-16,0.0,0.0,0.0,0.0,-1.1102230246251565e-16,0.0,0.0,0.0,0.0,-2.220446049250313e-16,-2.220446049250313e-16,0.0,0.0,0.0,0.0,0.0,0.0,0.0,-1.1102230246251565e-16,0.0,0.0,0.0,0.0,0.0,-1.1102230246251565e-16,0.0,0.0,0.0,-1.1102230246251565e-16,0.0,0.0,0.0,0.0,0.0,-1.1102230246251565e-16,-1.1102230246251565e-16,-2.220446049250313e-16,-4.440892098500626e-16,-6.661338147750939e-16,-6.661338147750939e-16,-1.1102230246251565e-15,-1.5543122344752192e-15,-1.9984014443252818e-15,-2.55351295663786e-15,-3.1086244689504383e-15,-3.774758283725532e-15,-4.884981308350689e-15,-5.88418203051333e-15,-6.994405055138486e-15,-8.43769498715119e-15,-1.021405182655144e-14,-1.199040866595169e-14,9.631203390370047e-9,8.245796179195963e-8,2.4942108955983144e-7,5.22245547918132e-7,9.155341345046253e-7,1.446052967146727e-6,2.1469880462365865e-6,3.1168006029425044e-6,4.415096672927277e-6,6.080406869779509e-6,8.165486249378517e-6,1.071956147757902e-5,1.3795508461367234e-5,1.7451072185536987e-5,2.1748909017516027e-5,2.6756771482450148e-5,3.2560972688111534e-5,3.92523398862199e-5,4.691674773349419e-5,5.5647055537955126e-5,6.554295579008773e-5,7.67110853623354e-5,8.926538489917313e-5,0.00010332735402918125,0.00011902638308702862,0.00013650007951815368,0.00015589460996712212,0.00017736504619092486,0.0002010757167241195,0.00022720056461777993,0.0002559235170149776,0.00028743886255111484,0.00032195159772463455,0.00035967779809387146,0.0004008450270669428,0.0004456927047096215
7.246872373023461e-13,1.4501169362524102e-12,2.1750279528831573e-12,2.8998782541922452e-12,3.6248434809316166e-12,4.349382399376767e-12,5.074177623215492e-12,5.798391714689766e-12,6.523146606207675e-12,7.247396259513206e-12,7.971249962185345e-12,8.694597125602499e-12,9.41546623653422e-12,1.0130598183250017e-11,1.0834602312548292e-11,1.152009434027268e-11,1.2175340596831674e-11,1.278480793454051e-11,1.333068247802438e-11,1.3786905211227163e-11,1.4123856164477422e-11,1.4303907884538614e-11,1.4282711732066522e-11,1.4007018635242563e-11,1.3413088348346314e-11,1.2427672606285523e-11,1.0962412401449573e-11,8.918079382608246e-12,6.176440001809391e-12,2.6030462507709018e-12,-1.955456196273131e-12,-7.675864284462097e-12,-1.4758363801881114e-11,-2.3578747461450167e-11,-1.9950849999839093e-11,-1.2600085037839381e-11,2.021648039945978e-12,2.8357232794568032e-11,7.189706859381251e-11,1.4021385311493995e-10,2.4374580869304663e-10,3.9551451566990914e-10,6.112579843328692e-10,9.095661819211176e-10,1.312211286678966e-9,1.8444959353283719e-9,2.5359541883963888e-9,3.4208634492813306e-9,4.5382712566231775e-9,5.932363195300383e-9,7.652813569045819e-9,9.755106114821971e-9,1.2300806582522805e-8,1.535777704227831e-8,1.9000314635444354e-8,2.330918811611904e-8,2.8371564611117533e-8,3.428080585978627e-8,4.113611260523134e-8,4.9042008654597014e-8,5.810765909370838e-8,6.844600951945098e-8,8.017276541521373e-8,9.340521474896293e-8,1.155209146557791e-7,1.7159401615807549e-7,2.876781783562113e-7,4.7536194113699873e-7,7.472329540988802e-7,1.1173578048462134e-6,1.6106797358847458e-6,2.268474951268133e-6,3.1357412543569704e-6,4.245553665939428e-6,5.6387678030829155e-6,7.356585242050597e-6,9.44350150510918e-6,1.194835175663024e-5,1.4924607329264063e-5,1.84307044163016e-5,2.2536861452871794e-5,2.7320198969131917e-5,3.285818166198209e-5,3.9234821588075754e-5,4.654110912886934e-5,5.487536186659248e-5,6.434370588574104e-5,7.506047196171976e-5,8.714864247529996e-5,0.00010074029366135932,0.00011597704894392808,0.0001330105342545085,0.00015200283567048988,0.0001731269588142923,0.000196567293321757,0.00022252007839088355,0.0002511938357013838,0.00028280981411595105,0.00031760245602482267,0.00035581982088594456
0.0,0.0,0.0,-1.1102230246251565e-16,-1.1102230246251565e-16,0.0,0.0,0.0,0.0,0.0,0.0,0.0,0.0,0.0,0.0,-1.1102230246251565e-16,0.0,0.0,0.0,0.0,0.0,0.0,0.0,0.0,0.0,-2.220446049250313e-16,0.0,0.0,0.0,0.0,0.0,0.0,0.0,0.0,0.0,0.0,0.0,0.0,0.0,0.0,0.0,0.0,-1.1102230246251565e-16,0.0,0.0,0.0,0.0,0.0,-1.1102230246251565e-16,0.0,0.0,0.0,0.0,0.0,0.0,0.0,0.0,0.0,0.0,0.0,0.0,0.0,-1.1102230246251565e-16,0.0,0.0,0.0,-1.1102230246251565e-16,0.0,0.0,0.0,0.0,0.0,-1.1102230246251565e-16,0.0,-1.1102230246251565e-16,-1.1102230246251565e-16,-2.220446049250313e-16,-2.220446049250313e-16,-4.440892098500626e-16,-6.661338147750939e-16,-8.881784197001252e-16,-1.1102230246251565e-15,-1.6653345369377348e-15,-2.220446049250313e-15,-2.886579864025407e-15,-3.774758283725532e-15,-4.884981308350689e-15,-5.995204332975845e-15,-7.549516567451064e-15,-9.325873406851315e-15,-1.1435297153639112e-14,-1.3988810110276972e-14,-1.6653345369377348e-14,-1.9984014443252818e-14,-2.3869795029440866e-14,-2.8199664825478976e-14,-3.3306690738754696e-14,-3.885780586188048e-14,-4.518607710224387e-14,-5.2513549064769904e-14
7.247553251987782e-13,1.4498641003057866e-12,2.174761672829595e-12,2.8999394031947734e-12,3.624894221593289e-12,4.3494613292949236e-12,5.074284308709265e-12,5.798939019946436e-12,6.523508729733285e-12,7.247703739249323e-12,7.972326358102189e-12,8.696566470428602e-12,9.421215110133607e-12,1.0145358077945366e-11,1.0869603828123076e-11,1.159408940382134e-11,1.2318065838179404e-11,1.3042269087631952e-11,1.3766078988536323e-11,1.4490023330510082e-11,1.5213763842475414e-11,1.593770471500222e-11,1.6661462574202313e-11,1.7385123722568618e-11,1.8108710277825457e-11,1.883238183453262e-11,1.9555482667216184e-11,2.0279114758964267e-11,2.1001848697632663e-11,2.1725054914767394e-11,2.2447787118712315e-11,2.3170662871024872e-11,2.3893175198769212e-11,2.4615277264411484e-11,2.533684330049968e-11,2.6056291672904575e-11,2.6771836917488523e-11,2.7480970190424392e-11,2.8180843075764628e-11,2.886694615983343e-11,2.9533506282902744e-11,3.017317212056225e-11,3.0777077934807107e-11,3.133578336048104e-11,3.183610276444315e-11,3.226514107973477e-11,3.260697874901686e-11,3.284333655734217e-11,3.29540188540034e-11,3.2914927727834e-11,3.27002062580628e-11,3.228050032139107e-11,3.162200579512331e-11,3.068689963595106e-11,2.943540463457017e-11,2.782028036760198e-11,2.5790251878543557e-11,2.32885750614531e-11,2.0251170965851495e-11,1.660848845605467e-11,1.2282638881672137e-11,7.188131600360803e-12,1.2298187641868186e-12,-5.695889072898641e-12,-1.3827890655432329e-11,-9.578483405742189e-12,-2.0210664739006567e-12,1.1735805903467789e-11,3.512577295000652e-11,7.218994412666602e-11,1.2765339219705796e-10,2.0795680672272554e-10,3.218513086253316e-10,4.797151313337689e-10,6.93630033618553e-10,9.775823189145383e-10,1.347458985969524e-9,1.8212084622500069e-9,2.4190138139118522e-9,3.1634636130269123e-9,4.079805469153763e-9,5.196608447374795e-9,6.545569255882178e-9,8.161583805055966e-9,1.0082904618440719e-8,1.2351286309691956e-8,1.5012103702499724e-8,1.811445462336289e-8,2.17112187785376e-8,2.5859089531135582e-8,3.06185552073103e-8,3.605383146329175e-8,4.223273954119186e-8,4.9226520758977044e-8,5.710958483721995e-8,6.595919122215702e-8,7.585505633431883e-8,8.687889193345968e-8,9.911387169369082e-8,1.1264403615863366e-7
0.0,0.0,0.0,0.0,0.0,0.0,0.0,0.0,0.0,0.0,0.0,0.0,0.0,-2.220446049250313e-16,0.0,0.0,0.0,-1.1102230246251565e-16,0.0,0.0,0.0,-1.1102230246251565e-16,-1.1102230246251565e-16,0.0,0.0,0.0,0.0,0.0,-1.1102230246251565e-16,0.0,-2.220446049250313e-16,-1.1102230246251565e-16,0.0,-1.1102230246251565e-16,0.0,0.0,0.0,0.0,0.0,-1.1102230246251565e-16,0.0,0.0,0.0,0.0,-1.1102230246251565e-16,0.0,-1.1102230246251565e-16,-1.1102230246251565e-16,0.0,0.0,0.0,0.0,0.0,0.0,0.0,-2.220446049250313e-16,0.0,-2.220446049250313e-16,-1.1102230246251565e-16,0.0,0.0,0.0,-1.1102230246251565e-16,0.0,0.0,0.0,0.0,-1.1102230246251565e-16,0.0,0.0,0.0,0.0,-1.1102230246251565e-16,0.0,0.0,0.0,0.0,0.0,-1.1102230246251565e-16,0.0,0.0,0.0,0.0,0.0,-1.1102230246251565e-16,0.0,0.0,0.0,0.0,0.0,0.0,0.0,0.0,0.0,0.0,0.0,0.0,-1.1102230246251565e-16,0.0,-1.1102230246251565e-16
7.247093550266648e-13,1.449757848492883e-12,2.1747009575079357e-12,2.900191371779659e-12,3.6245355675146307e-12,4.3496981190493944e-12,5.0746065335949275e-12,5.798860957390017e-12,6.523781514999882e-12,7.2475658287329825e-12,7.97217890660673e-12,8.696435932487034e-12,9.421113628810263e-12,1.0145182870874292e-11,1.0869406937008552e-11,1.1593922003005908e-11,1.2317878488043998e-11,1.3042089543752189e-11,1.3765957557893005e-11,1.4490242339348924e-11,1.52136745042164e-11,1.5937697342427448e-11,1.6661503773884867e-11,1.7385255561552793e-11,1.8109264088295163e-11,1.8832750896952133e-11,1.9556016528365916e-11,2.0279831633440715e-11,2.100316491907006e-11,2.172643185152645e-11,2.2449956390419024e-11,2.3173434959139483e-11,2.3897014575502418e-11,2.4620053825502586e-11,2.5343368029173696e-11,2.606629235374358e-11,2.6789165937651793e-11,2.7512325317252673e-11,2.8234923080128205e-11,2.8958117154198604e-11,2.968093002278516e-11,3.040337729839915e-11,3.112641437999497e-11,3.18488750997159e-11,3.2571445974377555e-11,3.329383210098902e-11,3.4016608106701707e-11,3.473872578485526e-11,3.546106550761374e-11,3.6183327167815804e-11,3.690584123028362e-11,3.762763017833848e-11,3.8349979442076076e-11,3.9071612265018096e-11,3.9793469734650255e-11,4.051523005976776e-11,4.123688283202975e-11,4.195872035234194e-11,4.267962025461536e-11,4.340070360389636e-11,4.4122137367319514e-11,4.484274019819767e-11,4.556345665346351e-11,4.6283680447262165e-11,4.700365010407159e-11,4.772361152094451e-11,4.8441555020733995e-11,4.915623897511212e-11,4.986549194396783e-11,5.056774790568319e-11,5.1260486307047604e-11,5.193980098447404e-11,5.260108494609117e-11,5.3238449673059796e-11,5.3845897358961725e-11,5.441520541452083e-11,5.493906328132847e-11,5.540757045882638e-11,5.5810378020437756e-11,5.613627618306083e-11,5.637312361708724e-11,5.650511525692736e-11,5.6517588352400505e-11,5.6392265423282906e-11,5.610974055172968e-11,5.5649616859110296e-11,5.4988569253566766e-11,5.4101035283637966e-11,5.295916743336404e-11,5.153367402949138e-11,4.9791444405034024e-11,4.7696082326742495e-11,4.520927555928811e-11,4.228890414931241e-11,3.88888639173135e-11,3.4958294505699206e-11,3.0444043119803865e-11,2.5286456522416456e-11,1.942126711187986e-11,1.2778364304188994e-11
0.0,0.0,0.0,0.0,0.0,0.0,0.0,0.0,0.0,0.0,0.0,0.0,0.0,0.0,0.0,0.0,0.0,0.0,0.0,0.0,0.0,0.0,0.0,0.0,0.0,0.0,0.0,0.0,0.0,0.0,0.0,0.0,0.0,0.0,0.0,0.0,0.0,0.0,0.0,0.0,0.0,0.0,-2.220446049250313e-16,-1.1102230246251565e-16,0.0,0.0,-2.220446049250313e-16,0.0,0.0,0.0,0.0,0.0,0.0,0.0,0.0,0.0,0.0,0.0,-1.1102230246251565e-16,0.0,0.0,0.0,-1.1102230246251565e-16,-1.1102230246251565e-16,0.0,0.0,0.0,0.0,0.0,0.0,0.0,0.0,0.0,-1.1102230246251565e-16,-1.1102230246251565e-16,0.0,0.0,0.0,0.0,0.0,0.0,0.0,0.0,0.0,-2.220446049250313e-16,0.0,0.0,-1.1102230246251565e-16,0.0,0.0,0.0,0.0,0.0,0.0,0.0,0.0,0.0,-1.1102230246251565e-16,-1.1102230246251565e-16,0.0
7.244331003131155e-13,1.4489217117774622e-12,2.173630633123258e-12,2.899153139779287e-12,3.623751906184358e-12,4.3493208166933695e-12,5.074851563285909e-12,5.799986359245057e-12,6.525996756878705e-12,7.2519000353377105e-12,7.978359292670767e-12,8.704637705081453e-12,9.430930428960815e-12,1.0157809923055927e-11,1.0884766178664851e-11,1.1611749756168521e-11,1.233899267483185e-11,1.306663154412857e-11,1.3794056608756877e-11,1.4522153878732125e-11,1.525021341847177e-11,1.59781025216299e-11,1.670687546639904e-11,1.743494151135172e-11,1.8164122116137715e-11,1.8892989603336297e-11,1.9621871402003555e-11,2.0351257137840584e-11,2.1080969869052835e-11,2.1810418054935e-11,2.254010086216729e-11,2.327042161395787e-11,2.4000748003599748e-11,2.4730975080322626e-11,2.5461948088140174e-11,2.619278405280312e-11,2.6923640834147777e-11,2.7654882290423233e-11,2.838651059003383e-11,2.911812067504793e-11,2.9849384249047706e-11,3.0581171709537225e-11,3.131358974201026e-11,3.2045685549597636e-11,3.277842407223286e-11,3.351084427311024e-11,3.4243879867140725e-11,3.4976620558180294e-11,3.5709972305564275e-11,3.6443311042522186e-11,3.717646199566382e-11,3.791044084558437e-11,3.864423798322081e-11,3.9378359514147254e-11,4.0112608113568315e-11,4.084700589920831e-11,4.158172851181918e-11,4.231625813644335e-11,4.305135328092069e-11,4.3785881170821384e-11,4.452141693506162e-11,4.525618768624895e-11,4.599148535969211e-11,4.672726008209116e-11,4.746341384156971e-11,4.81991460632436e-11,4.8935602098287845e-11,4.96713026612583e-11,5.04079256634371e-11,5.11445347878281e-11,5.188123845464854e-11,5.2618054011133175e-11,5.33549788551968e-11,5.409209972301321e-11,5.482948730456405e-11,5.556694080560698e-11,5.6304644974192186e-11,5.7042210364899315e-11,5.777982996571507e-11,5.85179925349788e-11,5.925592612074371e-11,5.999402060211101e-11,6.073237355727623e-11,6.147047237545222e-11,6.220897581787899e-11,6.294739729462151e-11,6.368623944180696e-11,6.442462058622866e-11,6.516325066346917e-11,6.590251087901233e-11,6.664117608440323e-11,6.737969297093693e-11,6.811875542800383e-11,6.88577931652612e-11,6.959633997577486e-11,7.033570991257787e-11,7.10743495307975e-11,7.181302124140143e-11,7.255140368686575e-11,7.329033994279976e-11
0.0,0.0,0.0,0.0,0.0,0.0,0.0,0.0,0.0,0.0,0.0,0.0,0.0,0.0,0.0,0.0,0.0,0.0,0.0,0.0,0.0,0.0,0.0,0.0,0.0,0.0,0.0,0.0,0.0,0.0,0.0,0.0,0.0,0.0,0.0,0.0,0.0,0.0,0.0,0.0,0.0,0.0,0.0,0.0,0.0,0.0,0.0,0.0,0.0,0.0,0.0,0.0,0.0,0.0,0.0,0.0,0.0,0.0,0.0,-2.220446049250313e-16,-1.1102230246251565e-16,-1.1102230246251565e-16,0.0,0.0,-1.1102230246251565e-16,0.0,0.0,-1.1102230246251565e-16,0.0,0.0,0.0,0.0,-1.1102230246251565e-16,0.0,0.0,0.0,0.0,0.0,0.0,0.0,0.0,0.0,0.0,0.0,0.0,-1.1102230246251565e-16,0.0,0.0,0.0,0.0,0.0,0.0,0.0,0.0,0.0,0.0,0.0,0.0,0.0,0.0
1.0307331810982534e-11,2.0611456118257987e-11,3.091113476294538e-11,4.120485506617366e-11,5.1489503199303455e-11,6.17646211953371e-11,7.202696642241713e-11,8.227581983766274e-11,9.250838463314981e-11,1.0272360349491971e-10,1.1291860935874753e-10,1.2309271267205157e-10,1.3324296744068875e-10,1.433685900033288e-10,1.5346612956129713e-10,1.6353544950512e-10,1.735735275128214e-10,1.8357864664184098e-10,1.9354943342486663e-10,2.03483250648534e-10,2.1337870749829624e-10,2.2323427047860056e-10,2.330473457441695e-10,2.428166916666752e-10,2.525398419030156e-10,2.6221510769988687e-10,2.718402850911128e-10,2.8141422438870967e-10,2.909350720406434e-10,3.004005104563501e-10,3.098084891926811e-10,3.191578598626954e-10,3.284459544616869e-10,3.3767091726921716e-10,3.4683146502359485e-10,3.559257623873824e-10,3.649509787255478e-10,3.7390665433637005e-10,3.827891757908486e-10,3.9159818226650045e-10,4.0033134576442087e-10,4.08987156207824e-10,4.1756280638044485e-10,4.2605664569289603e-10,4.3446728940216284e-10,4.427928375523582e-10,4.5103126485382394e-10,4.591805577262853e-10,4.672383625836662e-10,4.752042331683526e-10,4.830754819599992e-10,4.908495480730746e-10,4.985256951174633e-10,5.061013535340164e-10,5.135753493486217e-10,5.209447643227116e-10,5.282088481883829e-10,5.353647655401139e-10,5.424110396945458e-10,5.493460703692721e-10,5.561676631390955e-10,5.628743538974024e-10,5.694640796242989e-10,5.759343522926397e-10,5.822840183113132e-10,5.885109084086126e-10,5.946133260249786e-10,6.005893460510336e-10,6.064372480747704e-10,6.121550449704471e-10,6.1774038922352e-10,6.231922907405651e-10,6.28508394200783e-10,6.336865676290215e-10,6.387255520497181e-10,6.436232467127434e-10,6.483777009215486e-10,6.529870220928213e-10,6.574491944778826e-10,6.617628996868907e-10,6.659258353081121e-10,6.699361664377901e-10,6.73792223404579e-10,6.77491824360027e-10,6.810336379038662e-10,6.844151664679721e-10,6.876351051066099e-10,6.906909380370585e-10,6.935814947546526e-10,6.963047785926713e-10,6.988584880067428e-10,7.012409442182232e-10,7.034509255481047e-10,7.054852136506584e-10,7.073436918657305e-10,7.090228031428336e-10,7.105218076224051e-10,7.118384462607985e-10,7.12970506851901e-10,7.139169533321166e-10
0.0,0.0,0.0,0.0,0.0,0.0,0.0,0.0,0.0,0.0,0.0,0.0,0.0,0.0,0.0,0.0,0.0,0.0,0.0,0.0,0.0,0.0,0.0,0.0,0.0,0.0,0.0,0.0,0.0,0.0,0.0,0.0,0.0,0.0,0.0,0.0,0.0,0.0,0.0,0.0,0.0,0.0,0.0,0.0,0.0,0.0,0.0,0.0,0.0,0.0,0.0,0.0,0.0,0.0,0.0,0.0,0.0,0.0,0.0,0.0,0.0,0.0,0.0,0.0,0.0,0.0,0.0,0.0,0.0,0.0,0.0,0.0,0.0,0.0,0.0,0.0,0.0,0.0,0.0,0.0,0.0,0.0,0.0,0.0,0.0,0.0,0.0,0.0,0.0,0.0,0.0,0.0,0.0,0.0,0.0,0.0,0.0,0.0,0.0,0.0
-2.8620494429282273e-11,-9.575745925360923e-11,-2.0140884836664097e-10,-3.4557432479834227e-10,-5.282528368726058e-10,-7.494433194692174e-10,-1.0091444195038657e-9,-1.307355688984213e-9,-1.6440765528494272e-9,-2.019305028744256e-9,-2.4330401521624467e-9,-2.885281606950646e-9,-3.376028543961712e-9,-3.905279197247147e-9,-4.47303289330056e-9,-5.079288876216198e-9,-5.724045780333004e-9,-6.407302886174415e-9,-7.129059162013646e-9,-7.889313651150698e-9,-8.688064977516174e-9,-9.525312608116288e-9,-1.0401055297419581e-8,-1.1315292121252124e-8,-1.2268021548720448e-8,-1.3259244111517299e-8,-1.428895682678566e-8,-1.535716019889638e-8,-1.6463852756370273e-8,-1.7609032557184406e-8,-1.8792699991651562e-8,-2.0014853381426778e-8,-2.127549193157302e-8,-2.2574614048313096e-8,-2.3912219388171757e-8,-2.5288306690005036e-8,-2.670287508384911e-8,-2.8155923605631406e-8,-2.9647450329375186e-8,-3.117745496624899e-8,-3.274593709775078e-8,-3.4352894650452326e-8,-3.599832688666246e-8,-3.7682233028791395e-8,-3.9404611600155764e-8,-4.116546210635938e-8,-4.296478306551471e-8,-4.480257372561913e-8,-4.667883284721272e-8,-4.8593560086386545e-8,-5.054675293516414e-8,-5.253841155400743e-8,-5.456853433959824e-8,-5.663712110632116e-8,-5.874416946632932e-8,-6.08896792730386e-8,-6.307364942099644e-8,-6.529607883467431e-8,-6.755696612455869e-8,-6.985631004425077e-8,-7.219411088605146e-8,-7.45703656974614e-8,-7.698507520576339e-8,-7.943823676420311e-8,-8.192985031900413e-8,-8.445991441126399e-8,-8.702842827857174e-8,-8.963539080810226e-8,-9.228080025298901e-8,-9.496465664445702e-8,-9.768695832194224e-8,-1.0044770399914721e-7,-1.0324689333476508e-7,-1.0608452378699229e-7,-1.0896059604191197e-7,-1.1187510822342067e-7,-1.1482805895761741e-7,-1.1781944742094222e-7,-1.2084927304093634e-7,-1.2391753382787196e-7,-1.2702422952674472e-7,-1.3016935823933345e-7,-1.3335291946300204e-7,-1.3657491174014907e-7,-1.3983533442112062e-7,-1.4313418651538956e-7,-1.4647146554446974e-7,-1.4984717244684656e-7,-1.5326130472625293e-7,-1.5671386194380382e-7,-1.6020484228020798e-7,-1.6373424521938518e-7,-1.6730206931934652e-7,-1.7090831398247977e-7,-1.7455297771605538e-7,-1.7823605967829878e-7,-1.8195755843459366e-7,-1.8571747320908494e-7,-1.8951580257279416e-7,-1.9335254538904376e-7
0.0,0.0,0.0,0.0,0.0,0.0,0.0,0.0,0.0,0.0,0.0,0.0,0.0,0.0,0.0,0.0,0.0,0.0,0.0,0.0,0.0,0.0,0.0,0.0,0.0,0.0,0.0,0.0,0.0,0.0,0.0,0.0,0.0,0.0,0.0,0.0,0.0,0.0,0.0,0.0,0.0,0.0,0.0,0.0,0.0,0.0,0.0,0.0,0.0,0.0,0.0,0.0,0.0,0.0,0.0,0.0,0.0,0.0,0.0,0.0,0.0,0.0,0.0,0.0,0.0,0.0,0.0,0.0,0.0,0.0,0.0,0.0,0.0,0.0,0.0,0.0,0.0,0.0,0.0,0.0,0.0,0.0,0.0,0.0,0.0,0.0,0.0,0.0,0.0,0.0,0.0,0.0,0.0,0.0,0.0,0.0,0.0,0.0,0.0,0.0
0.0,0.0,0.0,0.0,0.0,0.0,0.0,0.0,0.0,0.0,0.0,0.0,0.0,0.0,0.0,0.0,0.0,0.0,0.0,0.0,0.0,0.0,0.0,0.0,0.0,0.0,0.0,0.0,0.0,0.0,0.0,0.0,0.0,0.0,0.0,0.0,0.0,0.0,0.0,0.0,0.0,0.0,0.0,0.0,0.0,0.0,0.0,0.0,0.0,0.0,0.0,0.0,0.0,0.0,0.0,0.0,0.0,0.0,0.0,0.0,0.0,0.0,0.0,0.0,0.0,0.0,0.0,0.0,0.0,0.0,0.0,0.0,0.0,0.0,0.0,0.0,0.0,0.0,0.0,0.0,0.0,0.0,0.0,0.0,0.0,0.0,0.0,0.0,0.0,0.0,0.0,0.0,0.0,0.0,0.0,0.0,0.0,0.0,0.0,0.0
