times,C_5,C_10,C_20,C_30,C_40,C_50,chi
0.05,0.0,1.212228549285483731580580834069459786838734485159313028509329874340955888467229e-38,1.212228549285483731580580834069459786838734485159313028509329874340955888467229e-38,1.212228549285483731580580834069459786838734485159313028509329874340955888467229e-38,1.212228549285483731580580834069459786838734485159313028509329874340955888467229e-38,1.212228549285483731580580834069459786838734485159313028509329874340955888467229e-38,2
0.1,3.673419846319656619032886676975176131050966435597218131170171668328238634091592e-40,-0.0,-0.0,-0.0,-0.0,-0.0,3
0.15,1.18008612563018889563199045390763755387999531093654408471563752694170069929268e-38,5.473395571016283517320433659788551352872563866053294907329094169601413854008904e-38,5.473395571016283517320433659788551352872563866053294907329094169601413854008904e-38,5.473395571016283517320433659788551352872563866053294907329094169601413854008904e-38,5.473395571016283517320433659788551352872563866053294907329094169601413854008904e-38,5.473395571016283517320433659788551352872563866053294907329094169601413854008904e-38,3
0.2,2.941605736310663825648454739471623995136456976244248749469547424301306751137905e-39,2.938735877055722685104522142170330220723129445858752224470434107075971803818691e-39,2.938735877055722685104522142170330220723129445858752224470434107075971803818691e-39,2.938735877055722685104522142170330220723129445858752224470434107075971803818691e-39,2.938735877055722685104522142170330220723129445858752224470434107075971803818691e-39,2.938735877055722685104522142170330220723129445858752224470434107075971803818691e-39,4
0.25,-0.0,1.836709923159825862527267839040890549165192246593275677648489058301663907557125e-39,1.836709923159825862527267839040890549165192246593275677648489058301663907557125e-39,1.836709923159825862527267839040890549165192246593275677648489058301663907557125e-39,1.836709923159825862527267839040890549165192246593275677648489058301663907557125e-39,1.836709923159825862527267839040890549165192246593275677648489058301663907557125e-39,6
0.30000000000000004,0.0,1.836709923159822273609810439852400858503432155492120042008147120370062640307075e-39,1.836709923159822273609810439852400858503432155492120042008147120370062640307075e-39,1.836709923159822273609810439852400858503432155492120042008147120370062640307075e-39,1.836709923159822273609810439852400858503432155492120042008147120370062640307075e-39,1.836709923159822273609810439852400858503432155492120042008147120370062640307075e-39,6
0.35000000000000003,6.658073471454360227982384593450565225402141677535379696829960733755978655175708e-39,8.862125379246155830728233599266802581606248853030599500823128251994558775289777e-39,8.862125379246155830728233599266802581606248853030599500823128251994558775289777e-39,8.862125379246155830728233599266802581606248853030599500823128251994558775289777e-39,8.862125379246155830728233599266802581606248853030599500823128251994558775289777e-39,8.862125379246155830728233599266802581606248853030599500823128251994558775289777e-39,6
0.4,3.512707728043168409885328579338332539124935662906128654698555083053885007150465e-39,0.0,0.0,0.0,0.0,0.0,6
0.45,0.0,5.188705532926501495551910721775210799158220657225025865060446907804611856720945e-39,5.188705532926501495551910721775210799158220657225025865060446907804611856720945e-39,5.188705532926501495551910721775210799158220657225025865060446907804611856720945e-39,5.188705532926501495551910721775210799158220657225025865060446907804611856720945e-39,5.188705532926501495551910721775210799158220657225025865060446907804611856720945e-39,6
0.5,0.0,0.0,0.0,0.0,0.0,0.0,6
0.5499999999999999,0.0,3.673644054073945327112000474446239162484916649234140523111523764770387121346594e-40,3.673644054073945327112000474446239162484916649234140523111523764770387121346594e-40,3.673644054073945327112000474446239162484916649234140523111523764770387121346594e-40,3.673644054073945327112000474446239162484916649234140523111523764770387121346594e-40,3.673644054073945327112000474446239162484916649234140523111523764770387121346594e-40,6
0.6,1.216712704371322363171000608913044313223538212587611194839241524573417488895449e-38,0.0,0.0,0.0,0.0,0.0,6
0.65,2.036201014618650719246953660264055280024176773540056820515698820850450953549485e-38,2.835994915728966101989026967976130807667005134770939669811885830430497890120023e-38,2.835994915728966101989026967976130807667005134770939669811885830430497890120023e-38,2.835994915728966101989026967976130807667005134770939669811885830430497890120023e-38,2.835994915728966101989026967976130807667005134770939669811885830430497890120023e-38,2.835994915728966101989026967976130807667005134770939669811885830430497890120023e-38,6
0.7000000000000001,4.333487474955200377027423903975119238014538380062002828073626261734348534256958e-38,3.601099393095224641030824525816174982555591912435454259316228390125253346334957e-38,3.601099393095224641030824525816174982555591912435454259316228390125253346334957e-38,3.601099393095224641030824525816174982555591912435454259316228390125253346334957e-38,3.601099393095224641030824525816174982555591912435454259316228390125253346334957e-38,3.601099393095224641030824525816174982555591912435454259316228390125253346334957e-38,6
0.7500000000000001,-0.0,9.242381730525331665789628860463827512696351477030655119482868232544344724850957e-39,9.242381730525331665789628860463827512696351477030655119482868232544344724850957e-39,9.242381730525331665789628860463827512696351477030655119482868232544344724850957e-39,9.242381730525331665789628860463827512696351477030655119482868232544344724850957e-39,9.242381730525331665789628860463827512696351477030655119482868232544344724850957e-39,6
0.8000000000000002,4.877182310803065552081938668651705693840970927690729779211539193406427890039889e-38,3.331906594982123212126465293583934400202631146117453083763371104793288602498005e-39,3.331906594982123212126465293583934400202631146117453083763371104793288602498005e-39,3.331906594982123212126465293583934400202631146117453083763371104793288602498005e-39,3.331906594982123212126465293583934400202631146117453083763371104793288602498005e-39,3.331906594982123212126465293583934400202631146117453083763371104793288602498005e-39,8
0.8500000000000002,5.223368051740042128209620496304828177669801993583550069539907169564874056533199e-38,-0.0,-0.0,-0.0,-0.0,-0.0,8
0.9000000000000002,4.827103266804413710155971349676225205431255326266697003655782178870038150870606e-39,6.32104437520267661093702326237984869554153694418023306474395311838628689127868e-38,6.32104437520267661093702326237984869554153694418023306474395311838628689127868e-38,6.32104437520267661093702326237984869554153694418023306474395311838628689127868e-38,6.32104437520267661093702326237984869554153694418023306474395311838628689127868e-38,6.32104437520267661093702326237984869554153694418023306474395311838628689127868e-38,8
0.9500000000000003,5.07462862754275187717963678270787614077236231316783591602136878674361899599809e-38,4.203195864781055565870166665124110836296292054153922453759677913526141078130857e-38,4.203195864781055565870166665124110836296292054153922453759677913526141078130857e-38,4.203195864781055565870166665124110836296292054153922453759677913526141078130857e-38,4.203195864781055565870166665124110836296292054153922453759677913526141078130857e-38,4.203195864781055565870166665124110836296292054153922453759677913526141078130857e-38,8
1.0000000000000002,8.959700593914028018315262736134972731953665309114900748206374499704920466595815e-39,-0.0,-0.0,-0.0,-0.0,-0.0,8
1.05,1.563499322089800376809979652047557239442404773753499222944257640577347956423182e-38,3.18267391372538031550645698950491211056228818815306038885364648496895887685619e-38,3.18267391372538031550645698950491211056228818815306038885364648496895887685619e-38,3.18267391372538031550645698950491211056228818815306038885364648496895887685619e-38,3.18267391372538031550645698950491211056228818815306038885364648496895887685619e-38,3.18267391372538031550645698950491211056228818815306038885364648496895887685619e-38,8
1.1,2.62836059863425889115117424894115499637709861915726798585276139405000029536526e-38,-0.0,-0.0,-0.0,-0.0,-0.0,8
1.1500000000000001,1.287992833615827003141985746077074477115419404146943438137214282177005821583939e-38,3.799873019740323087028603675707372595811233145690537024517050797162211607243093e-38,3.799873019740323087028603675707372595811233145690537024517050797162211607243093e-38,3.799873019740323087028603675707372595811233145690537024517050797162211607243093e-38,3.799873019740323087028603675707372595811233145690537024517050797162211607243093e-38,3.799873019740323087028603675707372595811233145690537024517050797162211607243093e-38,8
1.2000000000000002,3.133886306391448528413891300097014664182692069432296527930433686631699551903232e-38,4.193617709517707796470563187496028969791052612966852654087970455565335785031647e-38,4.193617709517707796470563187496028969791052612966852654087970455565335785031647e-38,4.193617709517707796470563187496028969791052612966852654087970455565335785031647e-38,4.193617709517707796470563187496028969791052612966852654087970455565335785031647e-38,4.193617709517707796470563187496028969791052612966852654087970455565335785031647e-38,8
1.2500000000000002,6.856093760045031388030545867734240537863261755684856174034198794675631916106795e-39,6.901437536273048945176758196957487422829198313133353431659554332344880104313273e-38,6.901437536273048945176758196957487422829198313133353431659554332344880104313273e-38,6.901437536273048945176758196957487422829198313133353431659554332344880104313273e-38,6.901437536273048945176758196957487422829198313133353431659554332344880104313273e-38,6.901437536273048945176758196957487422829198313133353431659554332344880104313273e-38,8
1.3000000000000003,4.591774807899562209328994098155528856552689645277855806184625869891704359404142e-40,2.73698477143363339309891225018508490396585316857712593972204035031595227345452e-38,2.73698477143363339309891225018508490396585316857712593972204035031595227345452e-38,2.73698477143363339309891225018508490396585316857712593972204035031595227345452e-38,2.73698477143363339309891225018508490396585316857712593972204035031595227345452e-38,2.73698477143363339309891225018508490396585316857712593972204035031595227345452e-38,8
1.3500000000000003,8.699117373565734219805888739377258833928942733108304350833352639149914988816282e-38,4.040761830951612003581638246996564175442841000094539714953482376538749777648334e-39,4.040761830951612003581638246996564175442841000094539714953482376538749777648334e-39,4.040761830951612003581638246996564175442841000094539714953482376538749777648334e-39,4.040761830951612003581638246996564175442841000094539714953482376538749777648334e-39,4.040761830951612003581638246996564175442841000094539714953482376538749777648334e-39,8
1.4000000000000004,1.065865727283685629675007206465466229376420241247048051250703090363227854981044e-38,2.957102976287312836038993332394014688674350617064347022550328346968052852788467e-38,2.957102976287312836038993332394014688674350617064347022550328346968052852788467e-38,2.957102976287312836038993332394014688674350617064347022550328346968052852788467e-38,2.957102976287312836038993332394014688674350617064347022550328346968052852788467e-38,2.957102976287312836038993332394014688674350617064347022550328346968052852788467e-38,8
1.4500000000000004,9.573850474470586415257785949833178802289197163047938227128778647862009673622966e-39,1.147943701974890144500719274631099294744790582785241720223390338162516854936257e-40,1.147943701974890144500719274631099294744790582785241720223390338162516854936257e-40,1.147943701974890144500719274631099294744790582785241720223390338162516854936257e-40,1.147943701974890144500719274631099294744790582785241720223390338162516854936257e-40,1.147943701974890144500719274631099294744790582785241720223390338162516854936257e-40,8
1.5000000000000004,1.019374007353705058438425915282226857851017740132316928024073847874934070637978e-38,-0.0,-0.0,-0.0,-0.0,-0.0,8
1.5500000000000005,8.210093356524418489664003771217319250602972172270484431782812862676911112031442e-38,1.878035896430920537415355453237459514614241763698557682332036915992539485021175e-38,1.878035896430920537415355453237459514614241763698557682332036915992539485021175e-38,1.878035896430920537415355453237459514614241763698557682332036915992539485021175e-38,1.878035896430920537415355453237459514614241763698557682332036915992539485021175e-38,1.878035896430920537415355453237459514614241763698557682332036915992539485021175e-38,8
1.6000000000000005,0.0,1.19917068967551779011381283267464462189042627070871753566236687269238579716958e-38,1.19917068967551779011381283267464462189042627070871753566236687269238579716958e-38,1.19917068967551779011381283267464462189042627070871753566236687269238579716958e-38,1.19917068967551779011381283267464462189042627070871753566236687269238579716958e-38,1.19917068967551779011381283267464462189042627070871753566236687269238579716958e-38,8
1.6500000000000006,5.510129769479471388542558918524371272716172946059649116839422009386771351966743e-39,1.141056039763043544261591518363613917299847727038503664391038385099491812433951e-38,1.141056039763043544261591518363613917299847727038503664391038385099491812433951e-38,1.141056039763043544261591518363613917299847727038503664391038385099491812433951e-38,1.141056039763043544261591518363613917299847727038503664391038385099491812433951e-38,1.141056039763043544261591518363613917299847727038503664391038385099491812433951e-38,8
1.7000000000000006,7.851934921508247283324026238771813833995545734941542226095138299238305736036707e-39,5.785636257953441760570497545173571748307868057654329279110906656062501517833216e-39,5.785636257953441760570497545173571748307868057654329279110906656062501517833216e-39,5.785636257953441760570497545173571748307868057654329279110906656062501517833216e-39,5.785636257953441760570497545173571748307868057654329279110906656062501517833216e-39,5.785636257953441760570497545173571748307868057654329279110906656062501517833216e-39,8
1.7500000000000007,3.199222239654165118987048322113646444909560254936089734366957540313011068900446e-37,1.625033140255228350870059106276230147246246822740451818908239827196911627955127e-38,1.625033140255228350870059106276230147246246822740451818908239827196911627955127e-38,1.625033140255228350870059106276230147246246822740451818908239827196911627955127e-38,1.625033140255228350870059106276230147246246822740451818908239827196911627955127e-38,1.625033140255228350870059106276230147246246822740451818908239827196911627955127e-38,8
1.8000000000000007,1.032915483089672516480421835647281396772208512298639370876497902721754358343087e-37,2.544201975983223191359392947473876118860534937985411583959462153331489316364997e-38,2.544201975983223191359392947473876118860534937985411583959462153331489316364997e-38,2.544201975983223191359392947473876118860534937985411583959462153331489316364997e-38,2.544201975983223191359392947473876118860534937985411583959462153331489316364997e-38,2.544201975983223191359392947473876118860534937985411583959462153331489316364997e-38,8
1.8500000000000008,5.32850355188262677926094006191269173135224757606345432053299133690604434176109e-38,0.0,0.0,0.0,0.0,0.0,8
1.9000000000000008,1.84119407824566312380374933419432446638823303014658714673390651405115047867169e-38,2.764450819075777562316871485566854042714382273446053598829159715356603487486921e-38,2.764450819075777562316871485566854042714382273446053598829159715356603487486921e-38,2.764450819075777562316871485566854042714382273446053598829159715356603487486921e-38,2.764450819075777562316871485566854042714382273446053598829159715356603487486921e-38,2.764450819075777562316871485566854042714382273446053598829159715356603487486921e-38,8
1.9500000000000008,4.79757958971925783625751035338252095953275910933463153209645525309489019984423e-38,1.323866074302543364206348103173220603723251590906591154080476521279232114682529e-38,1.323866074302543364206348103173220603723251590906591154080476521279232114682529e-38,1.323866074302543364206348103173220603723251590906591154080476521279232114682529e-38,1.323866074302543364206348103173220603723251590906591154080476521279232114682529e-38,1.323866074302543364206348103173220603723251590906591154080476521279232114682529e-38,9
2.000000000000001,2.734688884029684134834268251517784842199892327935359912374734215156951060435564e-38,2.099437130158539437036076381426584504297240603686392095652930202986636301906843e-38,2.099437130158539437036076381426584504297240603686392095652930202986636301906843e-38,2.099437130158539437036076381426584504297240603686392095652930202986636301906843e-38,2.099437130158539437036076381426584504297240603686392095652930202986636301906843e-38,2.099437130158539437036076381426584504297240603686392095652930202986636301906843e-38,10
2.0500000000000007,1.471981360163824842532970027274416455343464171659331318742053661749148646755795e-39,0.0,0.0,0.0,0.0,0.0,10
2.1000000000000005,1.522460334744199685470195937610627117228805824555815756737335953229674918518325e-39,4.914920960005487977484970055277354535861590956004576776391320568704225348882253e-38,4.914920960005487977484970055277354535861590956004576776391320568704225348882253e-38,4.914920960005487977484970055277354535861590956004576776391320568704225348882253e-38,4.914920960005487977484970055277354535861590956004576776391320568704225348882253e-38,4.914920960005487977484970055277354535861590956004576776391320568704225348882253e-38,10
2.1500000000000004,4.781185518725419409436836178395886575700285554264798475079698179136847028400447e-39,5.626789548192677168830627393097207722485779026630363920007663412503732527367928e-38,5.626789548192677168830627393097207722485779026630363920007663412503732527367928e-38,5.626789548192677168830627393097207722485779026630363920007663412503732527367928e-38,5.626789548192677168830627393097207722485779026630363920007663412503732527367928e-38,5.626789548192677168830627393097207722485779026630363920007663412503732527367928e-38,11
2.2,3.108631544948010341673309393930448942521824006039501419762050718503952953531131e-38,0.0,0.0,0.0,0.0,0.0,12
2.25,6.087330212128728669689688427029252939207969068823420310686355146553969168453126e-39,2.523117478769609917953948221845597682547540788369791969703281119726036708654887e-38,2.523117478769609917953948221845597682547540788369791969703281119726036708654887e-38,2.523117478769609917953948221845597682547540788369791969703281119726036708654887e-38,2.523117478769609917953948221845597682547540788369791969703281119726036708654887e-38,2.523117478769609917953948221845597682547540788369791969703281119726036708654887e-38,12
2.3,0.0,2.340657208326802675114910408595090299819919967975282127033542965168808093425961e-37,2.340657208326802675114910408595090299819919967975282127033542965168808093425961e-37,2.340657208326802675114910408595090299819919967975282127033542965168808093425961e-37,2.340657208326802675114910408595090299819919967975282127033542965168808093425961e-37,2.340657208326802675114910408595090299819919967975282127033542965168808093425961e-37,12
2.3499999999999996,7.830769709503089161467475026260518966925154212499972752577074381258362986705693e-39,9.517888218999293554921759089031143264905704555113512870240817389563562804490039e-39,9.517888218999293554921759089031143264905704555113512870240817389563562804490039e-39,9.517888218999293554921759089031143264905704555113512870240817389563562804490039e-39,9.517888218999293554921759089031143264905704555113512870240817389563562804490039e-39,9.517888218999293554921759089031143264905704555113512870240817389563562804490039e-39,12
2.3999999999999995,0.0,4.972892116955224105977115897701922144834432804625667132007726944920023015583865e-38,4.972892116955224105977115897701922144834432804625667132007726944920023015583865e-38,4.972892116955224105977115897701922144834432804625667132007726944920023015583865e-38,4.972892116955224105977115897701922144834432804625667132007726944920023015583865e-38,4.972892116955224105977115897701922144834432804625667132007726944920023015583865e-38,13
2.4499999999999993,3.130859501708507837083321563990542184780301999554501052026434548793814289373735e-39,1.584736280576338715617208877979024328924591472415950703280663912178635532039543e-38,1.584736280576338715617208877979024328924591472415950703280663912178635532039543e-38,1.584736280576338715617208877979024328924591472415950703280663912178635532039543e-38,1.584736280576338715617208877979024328924591472415950703280663912178635532039543e-38,1.584736280576338715617208877979024328924591472415950703280663912178635532039543e-38,14
2.499999999999999,4.50095273079097586046515831625405228145159459676397056869265322910518483724304e-38,7.009918216109659359052638092187337927829661326444816179240164062746875684995423e-38,7.009918216109659359052638092187337927829661326444816179240164062746875684995423e-38,7.009918216109659359052638092187337927829661326444816179240164062746875684995423e-38,7.009918216109659359052638092187337927829661326444816179240164062746875684995423e-38,7.009918216109659359052638092187337927829661326444816179240164062746875684995423e-38,14
2.549999999999999,2.274076473612254244109780243752434881948257701354737111203692386796002965483227e-38,2.678457579253256309339168511153640677213291755160325719206244642509050061796796e-38,2.678457579253256309339168511153640677213291755160325719206244642509050061796796e-38,2.678457579253256309339168511153640677213291755160325719206244642509050061796796e-38,2.678457579253256309339168511153640677213291755160325719206244642509050061796796e-38,2.678457579253256309339168511153640677213291755160325719206244642509050061796796e-38,14
2.5999999999999988,3.116990010028007180172593657919424581908753404613339619640317596643841469017389e-38,3.862830557145507946366707558543459810933864013691360669017411715503488320315087e-39,3.862830557145507946366707558543459810933864013691360669017411715503488320315087e-39,3.862830557145507946366707558543459810933864013691360669017411715503488320315087e-39,3.862830557145507946366707558543459810933864013691360669017411715503488320315087e-39,3.862830557145507946366707558543459810933864013691360669017411715503488320315087e-39,15
2.6499999999999986,2.006605591052107450562899852173199430390365198184798070857345665590755641737661e-38,1.297335710867020639035491688150686540172797405377723415881961151822169956705905e-38,1.297335710867020639035491688150686540172797405377723415881961151822169956705905e-38,1.297335710867020639035491688150686540172797405377723415881961151822169956705905e-38,1.297335710867020639035491688150686540172797405377723415881961151822169956705905e-38,1.297335710867020639035491688150686540172797405377723415881961151822169956705905e-38,15
2.6999999999999984,2.066298663554798997449060695073715375393568420739657245819973574209256459567035e-39,8.450300576162640500292515764804599552557761907885193509501657919899183922490155e-39,8.450300576162640500292515764804599552557761907885193509501657919899183922490155e-39,8.450300576162640500292515764804599552557761907885193509501657919899183922490155e-39,8.450300576162640500292515764804599552557761907885193509501657919899183922490155e-39,8.450300576162640500292515764804599552557761907885193509501657919899183922490155e-39,15
2.7499999999999982,2.233290841028996367114549421232429462350615133879309204779263082220520144892382e-38,5.346906524354921916364937295482383209979935440307917120676565150852526693564658e-39,5.346906524354921916364937295482383209979935440307917120676565150852526693564658e-39,5.346906524354921916364937295482383209979935440307917120676565150852526693564658e-39,5.346906524354921916364937295482383209979935440307917120676565150852526693564658e-39,5.346906524354921916364937295482383209979935440307917120676565150852526693564658e-39,15
2.799999999999998,2.147338556343631948800811184305028339303650714493211019955513508582501812633653e-38,-0.0,-0.0,-0.0,-0.0,-0.0,16
2.849999999999998,3.53566660208266621277534296483095452501983147456183348910302288981713534424919e-39,1.316117454314212072694432088246517478248431143687084088329257668220649394875335e-38,1.316117454314212072694432088246517478248431143687084088329257668220649394875335e-38,1.316117454314212072694432088246517478248431143687084088329257668220649394875335e-38,1.316117454314212072694432088246517478248431143687084088329257668220649394875335e-38,1.316117454314212072694432088246517478248431143687084088329257668220649394875335e-38,16
2.8999999999999977,1.324727032079022965741651322983307517723723962272266717091222127480882540250982e-38,4.487966617662375519267060011584469507856276823867732312056094506592892592885077e-38,4.487966617662375519267060011584469507856276823867732312056094506592892592885077e-38,4.487966617662375519267060011584469507856276823867732312056094506592892592885077e-38,4.487966617662375519267060011584469507856276823867732312056094506592892592885077e-38,4.487966617662375519267060011584469507856276823867732312056094506592892592885077e-38,16
2.9499999999999975,9.688644844668072819586070677886478047646032518707440118685414454091642255662009e-39,1.168606688610437384065196061751515876814903702489669387047700395973456427288735e-38,1.168606688610437384065196061751515876814903702489669387047700395973456427288735e-38,1.168606688610437384065196061751515876814903702489669387047700395973456427288735e-38,1.168606688610437384065196061751515876814903702489669387047700395973456427288735e-38,1.168606688610437384065196061751515876814903702489669387047700395973456427288735e-38,16
2.9999999999999973,2.031860352495556860827166715801951093757101182839388985028252512340964384964466e-38,2.562210342807956890623035180504462173164487542871877343911169816848032902981391e-38,2.562210342807956890623035180504462173164487542871877343911169816848032902981391e-38,2.562210342807956890623035180504462173164487542871877343911169816848032902981391e-38,2.562210342807956890623035180504462173164487542871877343911169816848032902981391e-38,2.562210342807956890623035180504462173164487542871877343911169816848032902981391e-38,16
3.049999999999997,8.288153528258705538234299563131631565998566156399934079780026627740062140912484e-39,7.300921944560313847609153143820882798341557879085444286856138043129378893976589e-38,7.300921944560313847609153143820882798341557879085444286856138043129378893976589e-38,7.300921944560313847609153143820882798341557879085444286856138043129378893976589e-38,7.300921944560313847609153143820882798341557879085444286856138043129378893976589e-38,7.300921944560313847609153143820882798341557879085444286856138043129378893976589e-38,17
3.099999999999997,6.314264332712884283874921249872285944390778081657830994275039846097571601958715e-38,7.163168700323331467476105069861829045972177303603553157221026689447129347257028e-39,7.163168700323331467476105069861829045972177303603553157221026689447129347257028e-39,7.163168700323331467476105069861829045972177303603553157221026689447129347257028e-39,7.163168700323331467476105069861829045972177303603553157221026689447129347257028e-39,7.163168700323331467476105069861829045972177303603553157221026689447129347257028e-39,17
3.149999999999997,4.256575246922892655808667070332116184913683480967676298588331373906612498103641e-38,7.446746667951827272008483335635228735332969273519015706922484962543800733932704e-38,7.446746667951827272008483335635228735332969273519015706922484962543800733932704e-38,7.446746667951827272008483335635228735332969273519015706922484962543800733932704e-38,7.446746667951827272008483335635228735332969273519015706922484962543800733932704e-38,7.446746667951827272008483335635228735332969273519015706922484962543800733932704e-38,18
3.1999999999999966,1.66801959615461704780317180534170679644067890324940043569218494576405851193426e-37,3.110102347816156273232517022625751575669698439545214801039555318062894905815022e-38,3.110102347816156273232517022625751575669698439545214801039555318062894905815022e-38,3.110102347816156273232517022625751575669698439545214801039555318062894905815022e-38,3.110102347816156273232517022625751575669698439545214801039555318062894905815022e-38,3.110102347816156273232517022625751575669698439545214801039555318062894905815022e-38,19
3.2499999999999964,4.593209737527028538153056197765233382068182393714692862927414783676115789950053e-39,7.20908644840231219556194680421115211829139982198653582737545390572990113176336e-38,7.20908644840231219556194680421115211829139982198653582737545390572990113176336e-38,7.20908644840231219556194680421115211829139982198653582737545390572990113176336e-38,7.20908644840231219556194680421115211829139982198653582737545390572990113176336e-38,7.20908644840231219556194680421115211829139982198653582737545390572990113176336e-38,19
3.2999999999999963,2.279816192122129999893177439830495720480803505578174460037660952280125101485199e-38,4.268628655793627436252852303069856317037917560515507968371255035905347463007722e-38,4.268628655793627436252852303069856317037917560515507968371255035905347463007722e-38,4.268628655793627436252852303069856317037917560515507968371255035905347463007722e-38,4.268628655793627436252852303069856317037917560515507968371255035905347463007722e-38,4.268628655793627436252852303069856317037917560515507968371255035905347463007722e-38,20
3.349999999999996,3.619935086533292058122638049619000445578751200305772721527596908135338720770155e-38,1.334484553545809009945549996935709724905525941702136815619980299837940112827024e-38,1.334484553545809009945549996935709724905525941702136815619980299837940112827024e-38,1.334484553545809009945549996935709724905525941702136815619980299837940112827024e-38,1.334484553545809009945549996935709724905525941702136815619980299837940112827024e-38,1.334484553545809009945549996935709724905525941702136815619980299837940112827024e-38,20
3.399999999999996,1.660500564906675461874145791462112308907167134856025411744290251048137706519797e-38,0.0,0.0,0.0,0.0,0.0,21
3.4499999999999957,1.297176383231624558224919180628236861002791507237812003619579468330334494350679e-38,-0.0,-0.0,-0.0,-0.0,-0.0,21
3.4999999999999956,5.647883013716462121065326030594819214262013369922411543964783691346202029740967e-39,4.897127832624878224293923786284496770440104183019014441914139309497353979012574e-38,4.897127832624878224293923786284496770440104183019014441914139309497353979012574e-38,4.897127832624878224293923786284496770440104183019014441914139309497353979012574e-38,4.897127832624878224293923786284496770440104183019014441914139309497353979012574e-38,4.897127832624878224293923786284496770440104183019014441914139309497353979012574e-38,22
3.5499999999999954,1.397047485303442610918268956930953183763231990559150313744717655337092564184716e-38,2.821645619454277365060980777633431382365051549867101867843390223616847325978738e-38,2.821645619454277365060980777633431382365051549867101867843390223616847325978738e-38,2.821645619454277365060980777633431382365051549867101867843390223616847325978738e-38,2.821645619454277365060980777633431382365051549867101867843390223616847325978738e-38,2.821645619454277365060980777633431382365051549867101867843390223616847325978738e-38,22
3.599999999999995,9.196649616176113349816035898511976056122063232898459597457673593136290422451525e-39,1.231800989404156913605211697406825371872955015905312540071990293399936352571183e-37,1.231800989404156913605211697406825371872955015905312540071990293399936352571183e-37,1.231800989404156913605211697406825371872955015905312540071990293399936352571183e-37,1.231800989404156913605211697406825371872955015905312540071990293399936352571183e-37,1.231800989404156913605211697406825371872955015905312540071990293399936352571183e-37,22
3.649999999999995,7.989688165745254981638410147006031222306070225827949476247570960510760586265715e-39,1.093165263446274680863021337010381717420747940984398440676913978049345657210206e-38,1.093165263446274680863021337010381717420747940984398440676913978049345657210206e-38,1.093165263446274680863021337010381717420747940984398440676913978049345657210206e-38,1.093165263446274680863021337010381717420747940984398440676913978049345657210206e-38,1.093165263446274680863021337010381717420747940984398440676913978049345657210206e-38,23
3.699999999999995,1.30498240040505678674636147902291251610116990418643704704800020207858538690247e-37,4.546431031671541454783592449655263883542639552121056254988783878428847769465801e-38,4.546431031671541454783592449655263883542639552121056254988783878428847769465801e-38,4.546431031671541454783592449655263883542639552121056254988783878428847769465801e-38,4.546431031671541454783592449655263883542639552121056254988783878428847769465801e-38,4.546431031671541454783592449655263883542639552121056254988783878428847769465801e-38,23
3.7499999999999947,3.342547505821228959519384001571157934222218791053826691950234817340970039367676e-14,6.526059945727259606912844274212136885035887422300677161099935369007075182403659e-39,6.526059945727259606912844274212136885035887422300677161099935369007075182403659e-39,6.526059945727259606912844274212136885035887422300677161099935369007075182403659e-39,6.526059945727259606912844274212136885035887422300677161099935369007075182403659e-39,6.526059945727259606912844274212136885035887422300677161099935369007075182403659e-39,24
3.7999999999999945,3.283852561974804078645231576053659444864619987303200332462438382208347320556641e-13,6.396485800366839966669644786973435525965103631340259581231165343207052437220855e-38,6.396485800366839966669644786973435525965103631340259581231165343207052437220855e-38,6.396485800366839966669644786973435525965103631340259581231165343207052437220855e-38,6.396485800366839966669644786973435525965103631340259581231165343207052437220855e-38,6.396485800366839966669644786973435525965103631340259581231165343207052437220855e-38,24
3.8499999999999943,9.97113591186545707357584398322633621562782746394759669783525168895721435546875e-13,7.920811543626734166689601396725153081386123913361101028144283650561508988696427e-39,7.920811543626734166689601396725153081386123913361101028144283650561508988696427e-39,7.920811543626734166689601396725153081386123913361101028144283650561508988696427e-39,7.920811543626734166689601396725153081386123913361101028144283650561508988696427e-39,7.920811543626734166689601396725153081386123913361101028144283650561508988696427e-39,25
3.899999999999994,2.13295892658724773274902559107757578360509143067247350700199604034423828125e-12,0.0,0.0,0.0,0.0,0.0,25
3.949999999999994,3.841151797116063748391090441848530674141815044464465245255269110202789306640625e-12,3.330471665354642853897796997146497447554803496103371269517427342730799490883715e-39,3.330471665354642853897796997146497447554803496103371269517427342730799490883715e-39,3.330471665354642853897796997146497447554803496103371269517427342730799490883715e-39,3.330471665354642853897796997146497447554803496103371269517427342730799490883715e-39,3.330471665354642853897796997146497447554803496103371269517427342730799490883715e-39,26
3.999999999999994,6.239209622259733407690722790297157434626085237283632523030973970890045166015625e-12,4.902293579283769406139036542076033811854685664831983678400269730157675870387118e-38,4.902293579283769406139036542076033811854685664831983678400269730157675870387118e-38,4.902293579283769406139036542076033811854685664831983678400269730157675870387118e-38,4.902293579283769406139036542076033811854685664831983678400269730157675870387118e-38,4.902293579283769406139036542076033811854685664831983678400269730157675870387118e-38,26
4.0499999999999945,9.45722066948788443343972648182080612509758932304748668684624135494232177734375e-12,1.52504320807364703822495867510801784971550606473014041429475084218080375903744e-38,1.52504320807364703822495867510801784971550606473014041429475084218080375903744e-38,1.52504320807364703822495867510801784971550606473014041429475084218080375903744e-38,1.52504320807364703822495867510801784971550606473014041429475084218080375903744e-38,1.52504320807364703822495867510801784971550606473014041429475084218080375903744e-38,26
4.099999999999994,1.363798218520654770979291067164971564505682177781409336603246629238128662109375e-11,4.861541577863660806009261007826629786891245599143107597332339373152906522036881e-38,4.861541577863660806009261007826629786891245599143107597332339373152906522036881e-38,4.861541577863660806009261007826629786891245599143107597332339373152906522036881e-38,4.861541577863660806009261007826629786891245599143107597332339373152906522036881e-38,4.861541577863660806009261007826629786891245599143107597332339373152906522036881e-38,27
4.149999999999994,1.8936994978338852458199167517064799050319212625481668510474264621734619140625e-11,1.949925870767099076763427877575156381594691754993092357247308026954614744443391e-38,1.949925870767099076763427877575156381594691754993092357247308026954614744443391e-38,1.949925870767099076763427877575156381594691754993092357247308026954614744443391e-38,1.949925870767099076763427877575156381594691754993092357247308026954614744443391e-38,1.949925870767099076763427877575156381594691754993092357247308026954614744443391e-38,27
4.199999999999994,2.552227548892753278571247551657322390206150686253749881871044635772705078125e-11,2.089257537594300389256532479754827051950224323496517715864783318904108063915811e-39,2.089257537594300389256532479754827051950224323496517715864783318904108063915811e-39,2.089257537594300389256532479754827051950224323496517715864783318904108063915811e-39,2.089257537594300389256532479754827051950224323496517715864783318904108063915811e-39,2.089257537594300389256532479754827051950224323496517715864783318904108063915811e-39,27
4.249999999999994,3.357429948756580542484008377866777118880836638936671079136431217193603515625e-11,-0.0,-0.0,-0.0,-0.0,-0.0,27
4.299999999999994,4.3285992948644853899126675589783944976540741578219240182079374790191650390625e-11,6.428484731059370453534198341180197287923786899192731090689618141983689318642837e-39,6.428484731059370453534198341180197287923786899192731090689618141983689318642837e-39,6.428484731059370453534198341180197287923786899192731090689618141983689318642837e-39,6.428484731059370453534198341180197287923786899192731090689618141983689318642837e-39,6.428484731059370453534198341180197287923786899192731090689618141983689318642837e-39,28
4.349999999999993,5.4861508169766642241330273477403940696195405735124950297176837921142578125e-11,1.370644780158023008728718332965229652513509880036014262691853227904635690321222e-38,1.370644780158023008728718332965229652513509880036014262691853227904635690321222e-38,1.370644780158023008728718332965229652513509880036014262691853227904635690321222e-38,1.370644780158023008728718332965229652513509880036014262691853227904635690321222e-38,1.370644780158023008728718332965229652513509880036014262691853227904635690321222e-38,29
4.399999999999993,6.851579118491584443914873979298674026849891305346318404190242290496826171875e-11,5.468803796208378736498856383870405587458297298484109379516794153075525579679994e-38,5.468803796208378736498856383870405587458297298484109379516794153075525579679994e-38,5.468803796208378736498856383870405587458297298484109379516794153075525579679994e-38,5.468803796208378736498856383870405587458297298484109379516794153075525579679994e-38,5.468803796208378736498856383870405587458297298484109379516794153075525579679994e-38,29
4.449999999999993,8.447361973136387034601705333283880490491402071029369835741817951202392578125e-11,2.361430056761954703018127167725311862832370303944507617801722907340373233679345e-38,2.361430056761954703018127167725311862832370303944507617801722907340373233679345e-38,2.361430056761954703018127167725311862832370303944507617801722907340373233679345e-38,2.361430056761954703018127167725311862832370303944507617801722907340373233679345e-38,2.361430056761954703018127167725311862832370303944507617801722907340373233679345e-38,30
4.499999999999993,1.0296807403588591961343412107190574585058318035635238629765808582305908203125e-10,1.044234163149595640984124977781683781011662168047933082468817771781823152132193e-38,1.044234163149595640984124977781683781011662168047933082468817771781823152132193e-38,1.044234163149595640984124977781683781011662168047933082468817771781823152132193e-38,1.044234163149595640984124977781683781011662168047933082468817771781823152132193e-38,1.044234163149595640984124977781683781011662168047933082468817771781823152132193e-38,30
4.549999999999993,1.24239863206754473254925410144315113536439554309254162944853305816650390625e-10,4.706569178097061338000991423331655186983038051205091315011564910606105070784274e-39,4.706569178097061338000991423331655186983038051205091315011564910606105070784274e-39,4.706569178097061338000991423331655186983038051205091315011564910606105070784274e-39,4.706569178097061338000991423331655186983038051205091315011564910606105070784274e-39,4.706569178097061338000991423331655186983038051205091315011564910606105070784274e-39,31
4.5999999999999925,1.485351204861132490468695978966967054246683943574680597521364688873291015625e-10,6.069608831229495218266639372341851370021811918130206562328961399588513969686921e-38,6.069608831229495218266639372341851370021811918130206562328961399588513969686921e-38,6.069608831229495218266639372341851370021811918130206562328961399588513969686921e-38,6.069608831229495218266639372341851370021811918130206562328961399588513969686921e-38,6.069608831229495218266639372341851370021811918130206562328961399588513969686921e-38,31
4.649999999999992,1.761043830041909313891440683422381051348448721682871109806001186370849609375e-10,5.531855500870376403019096419032751553003760640301614019693259733993294190185615e-39,5.531855500870376403019096419032751553003760640301614019693259733993294190185615e-39,5.531855500870376403019096419032751553003760640301614019693259733993294190185615e-39,5.531855500870376403019096419032751553003760640301614019693259733993294190185615e-39,5.531855500870376403019096419032751553003760640301614019693259733993294190185615e-39,32
4.699999999999992,2.0720047715001727225958022633105042042966914550561341457068920135498046875e-10,3.030571373213706066299218085911386111949781584624504720691195651369115841849845e-39,3.030571373213706066299218085911386111949781584624504720691195651369115841849845e-39,3.030571373213706066299218085911386111949781584624504720691195651369115841849845e-39,3.030571373213706066299218085911386111949781584624504720691195651369115841849845e-39,3.030571373213706066299218085911386111949781584624504720691195651369115841849845e-39,32
4.749999999999992,2.420767847099833472893826003913102240527877029308001510798931121826171875e-10,1.677719720436305600358303299047086577034212620407261966758469497845785128325755e-38,1.677719720436305600358303299047086577034212620407261966758469497845785128325755e-38,1.677719720436305600358303299047086577034212620407261966758469497845785128325755e-38,1.677719720436305600358303299047086577034212620407261966758469497845785128325755e-38,1.677719720436305600358303299047086577034212620407261966758469497845785128325755e-38,32
4.799999999999992,2.8098507059706324541172729923545377250793109169535455293953418731689453125e-10,3.492977445665471722874488467543347164849454946490729462050086527133442869388021e-39,3.492977445665471722874488467543347164849454946490729462050086527133442869388021e-39,3.492977445665471722874488467543347164849454946490729462050086527133442869388021e-39,3.492977445665471722874488467543347164849454946490729462050086527133442869388021e-39,3.492977445665471722874488467543347164849454946490729462050086527133442869388021e-39,32
4.849999999999992,3.24173267711695015097164238189984819538125293547636829316616058349609375e-10,1.125558799786379003646419088952849653261974055635222822539323258292362045228625e-38,1.125558799786379003646419088952849653261974055635222822539323258292362045228625e-38,1.125558799786379003646419088952849653261974055635222822539323258292362045228625e-38,1.125558799786379003646419088952849653261974055635222822539323258292362045228625e-38,1.125558799786379003646419088952849653261974055635222822539323258292362045228625e-38,32
4.8999999999999915,3.7188328698221582711941457958051450438663465547506348229944705963134765625e-10,1.630860860308664749214225192336045866158894508461447925118956027603909684218925e-38,1.630860860308664749214225192336045866158894508461447925118956027603909684218925e-38,1.630860860308664749214225192336045866158894508461447925118956027603909684218925e-38,1.630860860308664749214225192336045866158894508461447925118956027603909684218925e-38,1.630860860308664749214225192336045866158894508461447925118956027603909684218925e-38,32
4.949999999999991,4.243482254583318237481659801414897448257335099697229452431201934814453125e-10,5.73971850987445480081888887223332566765777119926843091434461298391667662382907e-40,5.73971850987445480081888887223332566765777119926843091434461298391667662382907e-40,5.73971850987445480081888887223332566765777119926843091434461298391667662382907e-40,5.73971850987445480081888887223332566765777119926843091434461298391667662382907e-40,5.73971850987445480081888887223332566765777119926843091434461298391667662382907e-40,32
4.999999999999991,4.8179081388138996697452818719479596121235687178341322578489780426025390625e-10,9.005618341993018403851717108300595335508169527188265856083903658058182933884101e-39,9.005618341993018403851717108300595335508169527188265856083903658058182933884101e-39,9.005618341993018403851717108300595335508169527188265856083903658058182933884101e-39,9.005618341993018403851717108300595335508169527188265856083903658058182933884101e-39,9.005618341993018403851717108300595335508169527188265856083903658058182933884101e-39,32
5.049999999999991,5.4442051982235831891723091299599424086608223660732619464397430419921875e-10,2.066298663554800955040401094631073388481801197703923956169250994899220787157972e-39,2.066298663554800955040401094631073388481801197703923956169250994899220787157972e-39,2.066298663554800955040401094631073388481801197703923956169250994899220787157972e-39,2.066298663554800955040401094631073388481801197703923956169250994899220787157972e-39,2.066298663554800955040401094631073388481801197703923956169250994899220787157972e-39,32
5.099999999999991,6.124314036639315433479817366740384498857707740171463228762149810791015625e-10,1.451574811147251197842946722180835742322431394550960435688180310193121666521479e-38,1.451574811147251197842946722180835742322431394550960435688180310193121666521479e-38,1.451574811147251197842946722180835742322431394550960435688180310193121666521479e-38,1.451574811147251197842946722180835742322431394550960435688180310193121666521479e-38,1.451574811147251197842946722180835742322431394550960435688180310193121666521479e-38,32
5.149999999999991,6.8599974832531363600413603073065356430237926588233676739037036895751953125e-10,6.968592242838564357899327078064542626865906346512156389498403301607672719599551e-38,6.968592242838564357899327078064542626865906346512156389498403301607672719599551e-38,6.968592242838564357899327078064542626865906346512156389498403301607672719599551e-38,6.968592242838564357899327078064542626865906346512156389498403301607672719599551e-38,6.968592242838564357899327078064542626865906346512156389498403301607672719599551e-38,32
5.19999999999999,7.65251625772760110774612391112102505186243206480867229402065277099609375e-10,2.814255731872815967347097796860351693743364737454688584618729569004890451316022e-39,2.814255731872815967347097796860351693743364737454688584618729569004890451316022e-39,2.814255731872815967347097796860351693743364737454688584618729569004890451316022e-39,2.814255731872815967347097796860351693743364737454688584618729569004890451316022e-39,2.814255731872815967347097796860351693743364737454688584618729569004890451316022e-39,32
5.24999999999999,8.50122717568926597390868609761295504601008587997057475149631500244140625e-10,2.084263982490705532287357383833828049373972089862632045452986019760042218690417e-37,2.084263982490705532287357383833828049373972089862632045452986019760042218690417e-37,2.084263982490705532287357383833828049373972089862632045452986019760042218690417e-37,2.084263982490705532287357383833828049373972089862632045452986019760042218690417e-37,2.084263982490705532287357383833828049373972089862632045452986019760042218690417e-37,32
5.29999999999999,9.406512416536556356367089148603523318659114238471374846994876861572265625e-10,6.084101620466917765853812155544826262147390088761781117183968792261339331162162e-39,6.084101620466917765853812155544826262147390088761781117183968792261339331162162e-39,6.084101620466917765853812155544826262147390088761781117183968792261339331162162e-39,6.084101620466917765853812155544826262147390088761781117183968792261339331162162e-39,6.084101620466917765853812155544826262147390088761781117183968792261339331162162e-39,32
5.34999999999999,1.0368801752168674161117090134326922112872892967061488889157772064208984375e-09,3.436943443712822658708225827891397698936489226430427078628252609010546925751903e-38,3.436943443712822658708225827891397698936489226430427078628252609010546925751903e-38,3.436943443712822658708225827891397698936489226430427078628252609010546925751903e-38,3.436943443712822658708225827891397698936489226430427078628252609010546925751903e-38,3.436943443712822658708225827891397698936489226430427078628252609010546925751903e-38,32
5.39999999999999,1.1388289126694383845188199297165064505232834335402003489434719085693359375e-09,1.246711701895588308037514531773095906173750430501205872527587165153592046739046e-38,1.246711701895588308037514531773095906173750430501205872527587165153592046739046e-38,1.246711701895588308037514531773095906173750430501205872527587165153592046739046e-38,1.246711701895588308037514531773095906173750430501205872527587165153592046739046e-38,1.246711701895588308037514531773095906173750430501205872527587165153592046739046e-38,32
5.4499999999999895,1.2464933841627556884988135715874348063980647793869138695299625396728515625e-09,5.464212021400475130232083347686674629896970397093483877914060588963615901905647e-39,5.464212021400475130232083347686674629896970397093483877914060588963615901905647e-39,5.464212021400475130232083347686674629896970397093483877914060588963615901905647e-39,5.464212021400475130232083347686674629896970397093483877914060588963615901905647e-39,5.464212021400475130232083347686674629896970397093483877914060588963615901905647e-39,32
5.499999999999989,1.359846416216287477167225692070533227262529862855444662272930145263671875e-09,1.207866363217978992424170868861272968471645658787587773144538797400741178211196e-37,1.207866363217978992424170868861272968471645658787587773144538797400741178211196e-37,1.207866363217978992424170868861272968471645658787587773144538797400741178211196e-37,1.207866363217978992424170868861272968471645658787587773144538797400741178211196e-37,1.207866363217978992424170868861272968471645658787587773144538797400741178211196e-37,32
5.549999999999989,1.47883860497065754925633871796723795011274660282651893794536590576171875e-09,2.935635223943708291237723286370592870770037537379037549509993691738927849289992e-38,2.935635223943708291237723286370592870770037537379037549509993691738927849289992e-38,2.935635223943708291237723286370592870770037537379037549509993691738927849289992e-38,2.935635223943708291237723286370592870770037537379037549509993691738927849289992e-38,2.935635223943708291237723286370592870770037537379037549509993691738927849289992e-38,32
5.599999999999989,1.6033994304040082556681930898230710458296499609787133522331714630126953125e-09,6.198895990664422441034607279466800296327731362754438972000527191597305637383281e-38,6.198895990664422441034607279466800296327731362754438972000527191597305637383281e-38,6.198895990664422441034607279466800296327731362754438972000527191597305637383281e-38,6.198895990664422441034607279466800296327731362754438972000527191597305637383281e-38,6.198895990664422441034607279466800296327731362754438972000527191597305637383281e-38,32
5.649999999999989,1.73343870155553936552923725432535928536736946625751443207263946533203125e-09,-0.0,-0.0,-0.0,-0.0,-0.0,32
5.699999999999989,1.868847362291552140357529584601022076828513718282920308411121368408203125e-09,1.253554522556582647916572647306971113978955019020506238949645476860087509044975e-38,1.253554522556582647916572647306971113978955019020506238949645476860087509044975e-38,1.253554522556582647916572647306971113978955019020506238949645476860087509044975e-38,1.253554522556582647916572647306971113978955019020506238949645476860087509044975e-38,1.253554522556582647916572647306971113978955019020506238949645476860087509044975e-38,32
5.7499999999999885,2.009498094651205678742225877700562641781090178483282215893268585205078125e-09,1.492326812567352946403030857979486721477056740864903030533639694783015868303438e-39,1.492326812567352946403030857979486721477056740864903030533639694783015868303438e-39,1.492326812567352946403030857979486721477056740864903030533639694783015868303438e-39,1.492326812567352946403030857979486721477056740864903030533639694783015868303438e-39,1.492326812567352946403030857979486721477056740864903030533639694783015868303438e-39,32
5.799999999999988,2.1552499269998918900436771770891264399239162230514921247959136962890625e-09,2.865267480129330498893012268416883071094755959346203438515848093709556456139145e-38,2.865267480129330498893012268416883071094755959346203438515848093709556456139145e-38,2.865267480129330498893012268416883071094755959346203438515848093709556456139145e-38,2.865267480129330498893012268416883071094755959346203438515848093709556456139145e-38,2.865267480129330498893012268416883071094755959346203438515848093709556456139145e-38,32
5.849999999999988,2.30594951583427233608340617952194018247524809339665807783603668212890625e-09,1.625488281996442617527767453290769122476272873390586679510328459527490494171532e-38,1.625488281996442617527767453290769122476272873390586679510328459527490494171532e-38,1.625488281996442617527767453290769122476272873390586679510328459527490494171532e-38,1.625488281996442617527767453290769122476272873390586679510328459527490494171532e-38,1.625488281996442617527767453290769122476272873390586679510328459527490494171532e-38,32
5.899999999999988,2.4614339465011433301750307859993849302071566853555850684642791748046875e-09,2.858379817917476981831148433713399380738057291659056339449382587541990789482196e-38,2.858379817917476981831148433713399380738057291659056339449382587541990789482196e-38,2.858379817917476981831148433713399380738057291659056339449382587541990789482196e-38,2.858379817917476981831148433713399380738057291659056339449382587541990789482196e-38,2.858379817917476981831148433713399380738057291659056339449382587541990789482196e-38,32
5.949999999999988,2.621534137742496288314661919186497607281438604331924580037593841552734375e-09,8.265194654219191095817891781401466468853691740547962207406700745112115019290798e-40,8.265194654219191095817891781401466468853691740547962207406700745112115019290798e-40,8.265194654219191095817891781401466468853691740547962207406700745112115019290798e-40,8.265194654219191095817891781401466468853691740547962207406700745112115019290798e-40,8.265194654219191095817891781401466468853691740547962207406700745112115019290798e-40,32
5.999999999999988,2.78607704739804946103969119177747038040848792661563493311405181884765625e-09,1.414266640833067007134494625814343946831461330348537851734349801444177958390593e-38,1.414266640833067007134494625814343946831461330348537851734349801444177958390593e-38,1.414266640833067007134494625814343946831461330348537851734349801444177958390593e-38,1.414266640833067007134494625814343946831461330348537851734349801444177958390593e-38,1.414266640833067007134494625814343946831461330348537851734349801444177958390593e-38,32
6.049999999999987,2.954889543020049585710500389076384186726187408567056991159915924072265625e-09,2.431918732633800594929914264250286761328608925440098935548127267258701391655129e-38,2.431918732633800594929914264250286761328608925440098935548127267258701391655129e-38,2.431918732633800594929914264250286761328608925440098935548127267258701391655129e-38,2.431918732633800594929914264250286761328608925440098935548127267258701391655129e-38,2.431918732633800594929914264250286761328608925440098935548127267258701391655129e-38,32
6.099999999999987,3.12780098282856283614446839236832020869627513093291781842708587646484375e-09,3.070175430931845779564603459528723611089057375754346805110020041484946611290685e-38,3.070175430931845779564603459528723611089057375754346805110020041484946611290685e-38,3.070175430931845779564603459528723611089057375754346805110020041484946611290685e-38,3.070175430931845779564603459528723611089057375754346805110020041484946611290685e-38,3.070175430931845779564603459528723611089057375754346805110020041484946611290685e-38,32
6.149999999999987,3.304646995760650591498689323936323314345742119257920421659946441650390625e-09,0.0,0.0,0.0,0.0,0.0,32
6.199999999999987,3.485273974569190198911307053430443103625435696812928654253482818603515625e-09,-0.0,-0.0,-0.0,-0.0,-0.0,32
6.249999999999987,3.669542459955236216431938303336214579619678488597855903208255767822265625e-09,1.656052283061525111673813983741746414845910403704852652497557518315715146816043e-38,1.656052283061525111673813983741746414845910403704852652497557518315715146816043e-38,1.656052283061525111673813983741746414845910403704852652497557518315715146816043e-38,1.656052283061525111673813983741746414845910403704852652497557518315715146816043e-38,1.656052283061525111673813983741746414845910403704852652497557518315715146816043e-38,32
6.2999999999999865,3.8573312514363196641773053052748565505680744536221027374267578125e-09,3.12240686937170837087687122537356946302935056737816875028830559566524837992672e-39,3.12240686937170837087687122537356946302935056737816875028830559566524837992672e-39,3.12240686937170837087687122537356946302935056737816875028830559566524837992672e-39,3.12240686937170837087687122537356946302935056737816875028830559566524837992672e-39,3.12240686937170837087687122537356946302935056737816875028830559566524837992672e-39,32
6.349999999999986,4.0485407864998726755039140808543896010718299294239841401576995849609375e-09,2.295887403949783877918895948450688280151341256671639076087122614256634977122565e-39,2.295887403949783877918895948450688280151341256671639076087122614256634977122565e-39,2.295887403949783877918895948450688280151341256671639076087122614256634977122565e-39,2.295887403949783877918895948450688280151341256671639076087122614256634977122565e-39,2.295887403949783877918895948450688280151341256671639076087122614256634977122565e-39,32
6.399999999999986,4.243098545134551256537415952173331046282100942335091531276702880859375e-09,1.597937633149046820132822510345509149872984120975154246504389027963561551725812e-38,1.597937633149046820132822510345509149872984120975154246504389027963561551725812e-38,1.597937633149046820132822510345509149872984120975154246504389027963561551725812e-38,1.597937633149046820132822510345509149872984120975154246504389027963561551725812e-38,1.597937633149046820132822510345509149872984120975154246504389027963561551725812e-38,32
6.449999999999986,4.44096109661662437063418348999997709025677750105387531220912933349609375e-09,1.232209944347983380121760319120564153702592885455211958062257294138611466437089e-38,1.232209944347983380121760319120564153702592885455211958062257294138611466437089e-38,1.232209944347983380121760319120564153702592885455211958062257294138611466437089e-38,1.232209944347983380121760319120564153702592885455211958062257294138611466437089e-38,1.232209944347983380121760319120564153702592885455211958062257294138611466437089e-38,32
6.499999999999986,4.6421188251779841733968726504890034423311817590729333460330963134765625e-09,6.504536001315221281277200589878466378847669639706875897215785503613361129282566e-39,6.504536001315221281277200589878466378847669639706875897215785503613361129282566e-39,6.504536001315221281277200589878466378847669639706875897215785503613361129282566e-39,6.504536001315221281277200589878466378847669639706875897215785503613361129282566e-39,6.504536001315221281277200589878466378847669639706875897215785503613361129282566e-39,32
6.549999999999986,4.84659912062687593435989384031518933948490257535013370215892791748046875e-09,1.981637815534153459413919847979482486523783817878267949419201764356389944970068e-39,1.981637815534153459413919847979482486523783817878267949419201764356389944970068e-39,1.981637815534153459413919847979482486523783817878267949419201764356389944970068e-39,1.981637815534153459413919847979482486523783817878267949419201764356389944970068e-39,1.981637815534153459413919847979482486523783817878267949419201764356389944970068e-39,32
6.599999999999985,5.0544696958716120052102673400155896654695197867113165557384490966796875e-09,0.0,0.0,0.0,0.0,0.0,32
6.649999999999985,5.26584138473417388033070678644669004864198313953238539397716522216796875e-09,1.083658854664297601469572594956663076297904161458779324123732093018725462787118e-38,1.083658854664297601469572594956663076297904161458779324123732093018725462787118e-38,1.083658854664297601469572594956663076297904161458779324123732093018725462787118e-38,1.083658854664297601469572594956663076297904161458779324123732093018725462787118e-38,1.083658854664297601469572594956663076297904161458779324123732093018725462787118e-38,32
6.699999999999985,5.48087039720677199888084339565556823981040679427678696811199188232421875e-09,1.100189243972736802586919112334294111377522256636593489034659882164251436534574e-37,1.100189243972736802586919112334294111377522256636593489034659882164251436534574e-37,1.100189243972736802586919112334294111377522256636593489034659882164251436534574e-37,1.100189243972736802586919112334294111377522256636593489034659882164251436534574e-37,1.100189243972736802586919112334294111377522256636593489034659882164251436534574e-37,32
6.749999999999985,5.699760196250914130369142934946780076899131017853505909442901611328125e-09,3.664236296703854561489870323442090317060658945488536131884468414587992007865697e-38,3.664236296703854561489870323442090317060658945488536131884468414587992007865697e-38,3.664236296703854561489870323442090317060658945488536131884468414587992007865697e-38,3.664236296703854561489870323442090317060658945488536131884468414587992007865697e-38,3.664236296703854561489870323442090317060658945488536131884468414587992007865697e-38,32
6.799999999999985,5.92276288941338106478102048494012443757839037061785347759723663330078125e-09,0.0,0.0,0.0,0.0,0.0,32
6.8499999999999845,6.15017966238927779059284865173680423300339725756202824413776397705078125e-09,1.718530015872525153646833581568515162685190910016777777997668816476587995421325e-39,1.718530015872525153646833581568515162685190910016777777997668816476587995421325e-39,1.718530015872525153646833581568515162685190910016777777997668816476587995421325e-39,1.718530015872525153646833581568515162685190910016777777997668816476587995421325e-39,1.718530015872525153646833581568515162685190910016777777997668816476587995421325e-39,32
6.899999999999984,6.38236035483183118486469762790751214520668099794420413672924041748046875e-09,5.243806830621308620566434444154104314864778192639073299843259975072853407167151e-38,5.243806830621308620566434444154104314864778192639073299843259975072853407167151e-38,5.243806830621308620566434444154104314864778192639073299843259975072853407167151e-38,5.243806830621308620566434444154104314864778192639073299843259975072853407167151e-38,5.243806830621308620566434444154104314864778192639073299843259975072853407167151e-38,32
6.949999999999984,6.6197024595623726524768146183864969689381041462183929979801177978515625e-09,6.423892956251485248626025060835631653391848101266212666370092332357444320223294e-38,6.423892956251485248626025060835631653391848101266212666370092332357444320223294e-38,6.423892956251485248626025060835631653391848101266212666370092332357444320223294e-38,6.423892956251485248626025060835631653391848101266212666370092332357444320223294e-38,6.423892956251485248626025060835631653391848101266212666370092332357444320223294e-38,32
6.999999999999984,6.8626495154140085348308284265463063977819047067896462976932525634765625e-09,7.241802843908584036095638746371047164426936581024608270166445037951761165547049e-38,7.241802843908584036095638746371047164426936581024608270166445037951761165547049e-38,7.241802843908584036095638746371047164426936581024608270166445037951761165547049e-38,7.241802843908584036095638746371047164426936581024608270166445037951761165547049e-38,7.241802843908584036095638746371047164426936581024608270166445037951761165547049e-38,32
7.049999999999984,7.11168855657929473975632911060366925237730129083502106368541717529296875e-09,2.047931564323211848154644784171313194177637507545938070275638046041787379570029e-38,2.047931564323211848154644784171313194177637507545938070275638046041787379570029e-38,2.047931564323211848154644784171313194177637507545938070275638046041787379570029e-38,2.047931564323211848154644784171313194177637507545938070275638046041787379570029e-38,2.047931564323211848154644784171313194177637507545938070275638046041787379570029e-38,32
7.099999999999984,7.36734641290254961000481351307035693398717057789326645433902740478515625e-09,6.70399121953336888437134936148486261778015181394190076796741248521557484664607e-39,6.70399121953336888437134936148486261778015181394190076796741248521557484664607e-39,6.70399121953336888437134936148486261778015181394190076796741248521557484664607e-39,6.70399121953336888437134936148486261778015181394190076796741248521557484664607e-39,6.70399121953336888437134936148486261778015181394190076796741248521557484664607e-39,32
7.1499999999999835,7.6301853718889227081854348508534180428597437639837153255939483642578125e-09,5.448140809572839066287562475038439989329350916374846326043023455265781407345804e-38,5.448140809572839066287562475038439989329350916374846326043023455265781407345804e-38,5.448140809572839066287562475038439989329350916374846326043023455265781407345804e-38,5.448140809572839066287562475038439989329350916374846326043023455265781407345804e-38,5.448140809572839066287562475038439989329350916374846326043023455265781407345804e-38,32
7.199999999999983,7.900798006138273271477736746544462409502784794312901794910430908203125e-09,2.881912663807961707769055738961374779456796758082349338620821443956998564317473e-38,2.881912663807961707769055738961374779456796758082349338620821443956998564317473e-38,2.881912663807961707769055738961374779456796758082349338620821443956998564317473e-38,2.881912663807961707769055738961374779456796758082349338620821443956998564317473e-38,2.881912663807961707769055738961374779456796758082349338620821443956998564317473e-38,32
7.249999999999983,8.179800304678386630994929747118238338998708059079945087432861328125e-09,1.013175111363038459155820783694977947000575160785297907143676828876096432719474e-37,1.013175111363038459155820783694977947000575160785297907143676828876096432719474e-37,1.013175111363038459155820783694977947000575160785297907143676828876096432719474e-37,1.013175111363038459155820783694977947000575160785297907143676828876096432719474e-37,1.013175111363038459155820783694977947000575160785297907143676828876096432719474e-37,32
7.299999999999983,8.4678251401727715292838826626788117923894105842919088900089263916015625e-09,9.229467363878111541542208569214416961512828880355298869664651863653397306778342e-39,9.229467363878111541542208569214416961512828880355298869664651863653397306778342e-39,9.229467363878111541542208569214416961512828880355298869664651863653397306778342e-39,9.229467363878111541542208569214416961512828880355298869664651863653397306778342e-39,9.229467363878111541542208569214416961512828880355298869664651863653397306778342e-39,32
7.349999999999983,8.76551315793970968359257920320126711288821752532385289669036865234375e-09,2.51858848213291889549736944629791245231711660858310499993979066675771457285756e-38,2.51858848213291889549736944629791245231711660858310499993979066675771457285756e-38,2.51858848213291889549736944629791245231711660858310499993979066675771457285756e-38,2.51858848213291889549736944629791245231711660858310499993979066675771457285756e-38,2.51858848213291889549736944629791245231711660858310499993979066675771457285756e-38,32
7.399999999999983,9.0735050952996058491689145074181321870554484121385030448436737060546875e-09,9.08041404882480697274459426394772679207018809834315536368393755503567306115228e-42,9.08041404882480697274459426394772679207018809834315536368393755503567306115228e-42,9.08041404882480697274459426394772679207018809834315536368393755503567306115228e-42,9.08041404882480697274459426394772679207018809834315536368393755503567306115228e-42,9.08041404882480697274459426394772679207018809834315536368393755503567306115228e-42,32
7.449999999999982,9.392432585252244423810273469578613347863438320928253233432769775390625e-09,4.683610304057553877660364400022733669852860539859004042883995161772364050903594e-38,4.683610304057553877660364400022733669852860539859004042883995161772364050903594e-38,4.683610304057553877660364400022733669852860539859004042883995161772364050903594e-38,4.683610304057553877660364400022733669852860539859004042883995161772364050903594e-38,4.683610304057553877660364400022733669852860539859004042883995161772364050903594e-38,32
7.499999999999982,9.722907665168465796504883194399659895879040050203911960124969482421875e-09,1.153683420484763029150150551358368380747928314127754560545085353301357977138189e-38,1.153683420484763029150150551358368380747928314127754560545085353301357977138189e-38,1.153683420484763029150150551358368380747928314127754560545085353301357977138189e-38,1.153683420484763029150150551358368380747928314127754560545085353301357977138189e-38,1.153683420484763029150150551358368380747928314127754560545085353301357977138189e-38,32
7.549999999999982,1.00655132001659035861719073486238162917771887805429287254810333251953125e-08,8.265194654219212955587859576458630948338957749982273806306965276150050010722924e-39,8.265194654219212955587859576458630948338957749982273806306965276150050010722924e-39,8.265194654219212955587859576458630948338957749982273806306965276150050010722924e-39,8.265194654219212955587859576458630948338957749982273806306965276150050010722924e-39,8.265194654219212955587859576458630948338957749982273806306965276150050010722924e-39,32
7.599999999999982,1.04207927941395540044743970426420476282913796239881776273250579833984375e-08,1.708140228538638362102321320237943229462598979017755276018397082496458452563358e-38,1.708140228538638362102321320237943229462598979017755276018397082496458452563358e-38,1.708140228538638362102321320237943229462598979017755276018397082496458452563358e-38,1.708140228538638362102321320237943229462598979017755276018397082496458452563358e-38,1.708140228538638362102321320237943229462598979017755276018397082496458452563358e-38,32
7.649999999999982,1.078923995117905439746416331424361256807742392993532121181488037109375e-08,5.142931277810270369362008136715517832574367125414864744610036004280060445448792e-38,5.142931277810270369362008136715517832574367125414864744610036004280060445448792e-38,5.142931277810270369362008136715517832574367125414864744610036004280060445448792e-38,5.142931277810270369362008136715517832574367125414864744610036004280060445448792e-38,5.142931277810270369362008136715517832574367125414864744610036004280060445448792e-38,32
7.6999999999999815,1.11712889454641036953857718516495978189340121389250271022319793701171875e-08,2.204051907791789338453559727232691714321762289209566330875479772030694271823072e-38,2.204051907791789338453559727232691714321762289209566330875479772030694271823072e-38,2.204051907791789338453559727232691714321762289209566330875479772030694271823072e-38,2.204051907791789338453559727232691714321762289209566330875479772030694271823072e-38,2.204051907791789338453559727232691714321762289209566330875479772030694271823072e-38,32
7.749999999999981,1.1567305278165796790966346886501969759564190098899416625499725341796875e-08,-0.0,-0.0,-0.0,-0.0,-0.0,32
7.799999999999981,1.197757680766345834138064218969688123905825705151073634624481201171875e-08,7.275667183116882969209575396001786992210092183025911563991724112244165785277317e-38,7.275667183116882969209575396001786992210092183025911563991724112244165785277317e-38,7.275667183116882969209575396001786992210092183025911563991724112244165785277317e-38,7.275667183116882969209575396001786992210092183025911563991724112244165785277317e-38,7.275667183116882969209575396001786992210092183025911563991724112244165785277317e-38,32
7.849999999999981,1.2402305177434362831107161483264189616448902597767300903797149658203125e-08,6.795826715691358790870513303750445219300913209255208965352432098475266643313679e-39,6.795826715691358790870513303750445219300913209255208965352432098475266643313679e-39,6.795826715691358790870513303750445219300913209255208965352432098475266643313679e-39,6.795826715691358790870513303750445219300913209255208965352432098475266643313679e-39,6.795826715691358790870513303750445219300913209255208965352432098475266643313679e-39,32
7.899999999999981,1.28415993417881501914133379163747428197694944174145348370075225830078125e-08,2.582873329443504456452735367551105090749306125403682795793692778107299863265692e-39,2.582873329443504456452735367551105090749306125403682795793692778107299863265692e-39,2.582873329443504456452735367551105090749306125403682795793692778107299863265692e-39,2.582873329443504456452735367551105090749306125403682795793692778107299863265692e-39,2.582873329443504456452735367551105090749306125403682795793692778107299863265692e-39,32
7.949999999999981,1.3295469495226241467854659821130891561580256166053004562854766845703125e-08,5.027993414650012568620861144300669269099837866313705261460761934943937976329808e-38,5.027993414650012568620861144300669269099837866313705261460761934943937976329808e-38,5.027993414650012568620861144300669269099837866313705261460761934943937976329808e-38,5.027993414650012568620861144300669269099837866313705261460761934943937976329808e-38,5.027993414650012568620861144300669269099837866313705261460761934943937976329808e-38,32
7.9999999999999805,1.37638230300531341453934019189268844751694587102974765002727508544921875e-08,1.42345019044886508424178550024746846754236217396321087330985563311483045184825e-38,1.42345019044886508424178550024746846754236217396321087330985563311483045184825e-38,1.42345019044886508424178550024746846754236217396321087330985563311483045184825e-38,1.42345019044886508424178550024746846754236217396321087330985563311483045184825e-38,1.42345019044886508424178550024746846754236217396321087330985563311483045184825e-38,32
8.04999999999998,1.4246461284026950919570877920720952669597636486287228763103485107421875e-08,4.447133901450742690648296865789553456664824636043182387405336763147924020205135e-38,4.447133901450742690648296865789553456664824636043182387405336763147924020205135e-38,4.447133901450742690648296865789553456664824636043182387405336763147924020205135e-38,4.447133901450742690648296865789553456664824636043182387405336763147924020205135e-38,4.447133901450742690648296865789553456664824636043182387405336763147924020205135e-38,32
8.09999999999998,1.47430775777777977920259008348495555207335883096675388514995574951171875e-08,2.745881335123933049450860985861892418441309149831862546029224524746149751480195e-38,2.745881335123933049450860985861892418441309149831862546029224524746149751480195e-38,2.745881335123933049450860985861892418441309149831862546029224524746149751480195e-38,2.745881335123933049450860985861892418441309149831862546029224524746149751480195e-38,2.745881335123933049450860985861892418441309149831862546029224524746149751480195e-38,32
8.14999999999998,1.525325932767791586710254682184018104607048371690325438976287841796875e-08,8.173359158061220438966908434783237662700552652049943328456242435303739110600732e-39,8.173359158061220438966908434783237662700552652049943328456242435303739110600732e-39,8.173359158061220438966908434783237662700552652049943328456242435303739110600732e-39,8.173359158061220438966908434783237662700552652049943328456242435303739110600732e-39,8.173359158061220438966908434783237662700552652049943328456242435303739110600732e-39,32
8.199999999999982,1.577648731144182025614100691422725386559022808796726167201995849609375e-08,6.061142746427422573085584969462014960370137979725098563245204213084708097518019e-39,6.061142746427422573085584969462014960370137979725098563245204213084708097518019e-39,6.061142746427422573085584969462014960370137979725098563245204213084708097518019e-39,6.061142746427422573085584969462014960370137979725098563245204213084708097518019e-39,6.061142746427422573085584969462014960370137979725098563245204213084708097518019e-39,32
8.249999999999982,1.631214463782211603470404383091352240597871059435419738292694091796875e-08,3.30712715397776638501427712047579850029939835489694209660127134801775847294272e-38,3.30712715397776638501427712047579850029939835489694209660127134801775847294272e-38,3.30712715397776638501427712047579850029939835489694209660127134801775847294272e-38,3.30712715397776638501427712047579850029939835489694209660127134801775847294272e-38,3.30712715397776638501427712047579850029939835489694209660127134801775847294272e-38,32
8.299999999999983,1.6859518900502198482900593871913752508362449589185416698455810546875e-08,7.145949544793717250734849478676699950962758404028352513047637130927858456524022e-39,7.145949544793717250734849478676699950962758404028352513047637130927858456524022e-39,7.145949544793717250734849478676699950962758404028352513047637130927858456524022e-39,7.145949544793717250734849478676699950962758404028352513047637130927858456524022e-39,7.145949544793717250734849478676699950962758404028352513047637130927858456524022e-39,32
8.349999999999984,1.7417811334565924258953946608674545615258466568775475025177001953125e-08,2.262310050667013708226077630715314661471238559976406207943965217899132450483796e-38,2.262310050667013708226077630715314661471238559976406207943965217899132450483796e-38,2.262310050667013708226077630715314661471238559976406207943965217899132450483796e-38,2.262310050667013708226077630715314661471238559976406207943965217899132450483796e-38,2.262310050667013708226077630715314661471238559976406207943965217899132450483796e-38,32
8.399999999999984,1.7986146900148262425866700522751606694527026775176636874675750732421875e-08,2.216105316662531688250927838258882830387163106352562614008942794030624636745441e-38,2.216105316662531688250927838258882830387163106352562614008942794030624636745441e-38,2.216105316662531688250927838258882830387163106352562614008942794030624636745441e-38,2.216105316662531688250927838258882830387163106352562614008942794030624636745441e-38,2.216105316662531688250927838258882830387163106352562614008942794030624636745441e-38,32
8.449999999999985,1.85635839919432936616296332676956382101707276888191699981689453125e-08,3.88464148748303607935579562358107206576930244000232482263306258710181434746804e-38,3.88464148748303607935579562358107206576930244000232482263306258710181434746804e-38,3.88464148748303607935579562358107206576930244000232482263306258710181434746804e-38,3.88464148748303607935579562358107206576930244000232482263306258710181434746804e-38,3.88464148748303607935579562358107206576930244000232482263306258710181434746804e-38,32
8.499999999999986,1.914912900734675982784380068695007093282356436247937381267547607421875e-08,1.818342823928223117755173411664869530346340210250898376321576745304145684418991e-38,1.818342823928223117755173411664869530346340210250898376321576745304145684418991e-38,1.818342823928223117755173411664869530346340210250898376321576745304145684418991e-38,1.818342823928223117755173411664869530346340210250898376321576745304145684418991e-38,1.818342823928223117755173411664869530346340210250898376321576745304145684418991e-38,32
8.549999999999986,1.9741753536757499193132880791791416985603291323059238493442535400390625e-08,2.511162721310762560582841139906596886871891358215059494444407864299839943661194e-38,2.511162721310762560582841139906596886871891358215059494444407864299839943661194e-38,2.511162721310762560582841139906596886871891358215059494444407864299839943661194e-38,2.511162721310762560582841139906596886871891358215059494444407864299839943661194e-38,2.511162721310762560582841139906596886871891358215059494444407864299839943661194e-38,32
8.599999999999987,2.0340413651533099024809540908594052144309216600959189236164093017578125e-08,8.684194105440067434244026107272562321803134082341554137681276956479011938684024e-39,8.684194105440067434244026107272562321803134082341554137681276956479011938684024e-39,8.684194105440067434244026107272562321803134082341554137681276956479011938684024e-39,8.684194105440067434244026107272562321803134082341554137681276956479011938684024e-39,8.684194105440067434244026107272562321803134082341554137681276956479011938684024e-39,32
8.649999999999988,2.094404982008433384619154366164395231209027770091779530048370361328125e-08,4.401216153371732990210617217991331790639757018589052404081603720653680187352941e-38,4.401216153371732990210617217991331790639757018589052404081603720653680187352941e-38,4.401216153371732990210617217991331790639757018589052404081603720653680187352941e-38,4.401216153371732990210617217991331790639757018589052404081603720653680187352941e-38,4.401216153371732990210617217991331790639757018589052404081603720653680187352941e-38,32
8.699999999999989,2.1551621401181616028180619841665699443211678953957743942737579345703125e-08,1.230595648517081451868234902581595238731122393960072439939763474234232337455293e-38,1.230595648517081451868234902581595238731122393960072439939763474234232337455293e-38,1.230595648517081451868234902581595238731122393960072439939763474234232337455293e-38,1.230595648517081451868234902581595238731122393960072439939763474234232337455293e-38,1.230595648517081451868234902581595238731122393960072439939763474234232337455293e-38,32
8.74999999999999,2.216212062466909236448437043633108434192990898736752569675445556640625e-08,3.497470569061483599367234473902151157168085089166869006360359359154892826551919e-38,3.497470569061483599367234473902151157168085089166869006360359359154892826551919e-38,3.497470569061483599367234473902151157168085089166869006360359359154892826551919e-38,3.497470569061483599367234473902151157168085089166869006360359359154892826551919e-38,3.497470569061483599367234473902151157168085089166869006360359359154892826551919e-38,32
8.79999999999999,2.277459002279196795781219283920371321272568820859305560588836669921875e-08,2.286703854333985083028113594179865821308088394836734927383548394999662230214897e-38,2.286703854333985083028113594179865821308088394836734927383548394999662230214897e-38,2.286703854333985083028113594179865821308088394836734927383548394999662230214897e-38,2.286703854333985083028113594179865821308088394836734927383548394999662230214897e-38,2.286703854333985083028113594179865821308088394836734927383548394999662230214897e-38,32
8.84999999999999,2.338814315404695056423327380150378740353289686026982963085174560546875e-08,3.329036735727187291826107095102261994024591020970001119695664242741191862087955e-39,3.329036735727187291826107095102261994024591020970001119695664242741191862087955e-39,3.329036735727187291826107095102261994024591020970001119695664242741191862087955e-39,3.329036735727187291826107095102261994024591020970001119695664242741191862087955e-39,3.329036735727187291826107095102261994024591020970001119695664242741191862087955e-39,32
8.899999999999991,2.40019828663685849193796563449954106772565864957869052886962890625e-08,4.499939311741577196808181154783341287752510192375214384672799808356923381713874e-39,4.499939311741577196808181154783341287752510192375214384672799808356923381713874e-39,4.499939311741577196808181154783341287752510192375214384672799808356923381713874e-39,4.499939311741577196808181154783341287752510192375214384672799808356923381713874e-39,4.499939311741577196808181154783341287752510192375214384672799808356923381713874e-39,32
8.949999999999992,2.46154187357184250007472478376235880404010458732955157756805419921875e-08,4.463205113278371315745724220119827647497159564297606439949119698223894069919418e-38,4.463205113278371315745724220119827647497159564297606439949119698223894069919418e-38,4.463205113278371315745724220119827647497159564297606439949119698223894069919418e-38,4.463205113278371315745724220119827647497159564297606439949119698223894069919418e-38,4.463205113278371315745724220119827647497159564297606439949119698223894069919418e-38,32
8.999999999999993,2.5227884797476151832724443400783609359194770149770192801952362060546875e-08,3.682603395935439231168588394905172348364828341194184140986385876548172939580849e-38,3.682603395935439231168588394905172348364828341194184140986385876548172939580849e-38,3.682603395935439231168588394905172348364828341194184140986385876548172939580849e-38,3.682603395935439231168588394905172348364828341194184140986385876548172939580849e-38,3.682603395935439231168588394905172348364828341194184140986385876548172939580849e-38,32
9.049999999999994,2.5838955209995130630931496618085674299436504952609539031982421875e-08,5.381560074858294393857805877345911956587095581525693394083785524617707788377669e-38,5.381560074858294393857805877345911956587095581525693394083785524617707788377669e-38,5.381560074858294393857805877345911956587095581525693394083785524617707788377669e-38,5.381560074858294393857805877345911956587095581525693394083785524617707788377669e-38,5.381560074858294393857805877345911956587095581525693394083785524617707788377669e-38,32
9.099999999999994,2.6448357842337652685230962672745247399319623582414351403713226318359375e-08,7.531407515972450362996254267805089740791018033856813391318209015151742958820264e-38,7.531407515972450362996254267805089740791018033856813391318209015151742958820264e-38,7.531407515972450362996254267805089740791018033856813391318209015151742958820264e-38,7.531407515972450362996254267805089740791018033856813391318209015151742958820264e-38,7.531407515972450362996254267805089740791018033856813391318209015151742958820264e-38,32
9.149999999999995,2.7055987689126613496350226930643734224446461666957475244998931884765625e-08,9.413138356194086134296962054925960796319064265743870703503284634999542693204396e-40,9.413138356194086134296962054925960796319064265743870703503284634999542693204396e-40,9.413138356194086134296962054925960796319064265743870703503284634999542693204396e-40,9.413138356194086134296962054925960796319064265743870703503284634999542693204396e-40,9.413138356194086134296962054925960796319064265743870703503284634999542693204396e-40,32
9.199999999999996,2.7661915845067257591058710285147892449231221689842641353607177734375e-08,8.999878623483136644788209353579969923505043206941077262178817669124836859936589e-38,8.999878623483136644788209353579969923505043206941077262178817669124836859936589e-38,8.999878623483136644788209353579969923505043206941077262178817669124836859936589e-38,8.999878623483136644788209353579969923505043206941077262178817669124836859936589e-38,8.999878623483136644788209353579969923505043206941077262178817669124836859936589e-38,32
9.249999999999996,2.8266397974824983980937705032969453622371247547562234103679656982421875e-08,1.992830266628406941743640181290758759971077119358059573888672722222172067060218e-38,1.992830266628406941743640181290758759971077119358059573888672722222172067060218e-38,1.992830266628406941743640181290758759971077119358059573888672722222172067060218e-38,1.992830266628406941743640181290758759971077119358059573888672722222172067060218e-38,1.992830266628406941743640181290758759971077119358059573888672722222172067060218e-38,32
9.299999999999997,2.8869878722571425424142202193107664687232727374066598713397979736328125e-08,4.094141213093453530727176891201247687060226721360631436573831323816473673493907e-38,4.094141213093453530727176891201247687060226721360631436573831323816473673493907e-38,4.094141213093453530727176891201247687060226721360631436573831323816473673493907e-38,4.094141213093453530727176891201247687060226721360631436573831323816473673493907e-38,4.094141213093453530727176891201247687060226721360631436573831323816473673493907e-38,32
9.349999999999998,2.94729921515382832251169105408639126153502729721367359161376953125e-08,1.097434179087993020551347226989972912687787020178424374184283742593401785728125e-38,1.097434179087993020551347226989972912687787020178424374184283742593401785728125e-38,1.097434179087993020551347226989972912687787020178424374184283742593401785728125e-38,1.097434179087993020551347226989972912687787020178424374184283742593401785728125e-38,1.097434179087993020551347226989972912687787020178424374184283742593401785728125e-38,32
9.399999999999999,3.007656341656993815041984288542742387306816453929059207439422607421875e-08,4.442542126642830079461357991641975638897626960616930018195927063862178435512479e-38,4.442542126642830079461357991641975638897626960616930018195927063862178435512479e-38,4.442542126642830079461357991641975638897626960616930018195927063862178435512479e-38,4.442542126642830079461357991641975638897626960616930018195927063862178435512479e-38,4.442542126642830079461357991641975638897626960616930018195927063862178435512479e-38,32
9.45,3.068160413623582223375757071885672200295402944902889430522918701171875e-08,3.893825037098839376706660896833817954715490688855042405139974873945705047834862e-38,3.893825037098839376706660896833817954715490688855042405139974873945705047834862e-38,3.893825037098839376706660896833817954715490688855042405139974873945705047834862e-38,3.893825037098839376706660896833817954715490688855042405139974873945705047834862e-38,3.893825037098839376706660896833817954715490688855042405139974873945705047834862e-38,32
9.5,3.12893038906871298879391603102451124840399643289856612682342529296875e-08,1.001006908122104467016805927419299653429221758450633008081366697636376607849874e-38,1.001006908122104467016805927419299653429221758450633008081366697636376607849874e-38,1.001006908122104467016805927419299653429221758450633008081366697636376607849874e-38,1.001006908122104467016805927419299653429221758450633008081366697636376607849874e-38,1.001006908122104467016805927419299653429221758450633008081366697636376607849874e-38,32
9.55,3.190102015436204221744673540338277373251685276045463979244232177734375e-08,7.886373232567518783816026211403948311955504627305811142126020671456062724503325e-39,7.886373232567518783816026211403948311955504627305811142126020671456062724503325e-39,7.886373232567518783816026211403948311955504627305811142126020671456062724503325e-39,7.886373232567518783816026211403948311955504627305811142126020671456062724503325e-39,7.886373232567518783816026211403948311955504627305811142126020671456062724503325e-39,32
9.600000000000001,3.251826491016446202261878754835588978266969206742942333221435546875e-08,2.471307550907816101110524953888914903173654514407135366445854930306198034003795e-38,2.471307550907816101110524953888914903173654514407135366445854930306198034003795e-38,2.471307550907816101110524953888914903173654514407135366445854930306198034003795e-38,2.471307550907816101110524953888914903173654514407135366445854930306198034003795e-38,2.471307550907816101110524953888914903173654514407135366445854930306198034003795e-38,32
9.650000000000002,3.314268739516849494862414378208714804685541821527294814586639404296875e-08,2.263744980294488063174635368510187040648485693966736777118791556512397624152547e-38,2.263744980294488063174635368510187040648485693966736777118791556512397624152547e-38,2.263744980294488063174635368510187040648485693966736777118791556512397624152547e-38,2.263744980294488063174635368510187040648485693966736777118791556512397624152547e-38,2.263744980294488063174635368510187040648485693966736777118791556512397624152547e-38,32
9.700000000000003,3.37760539670590688454766326899447737019954729476012289524078369140625e-08,5.435737636605391584698679163291960178962300846160775226849827926951701467787242e-38,5.435737636605391584698679163291960178962300846160775226849827926951701467787242e-38,5.435737636605391584698679163291960178962300846160775226849827926951701467787242e-38,5.435737636605391584698679163291960178962300846160775226849827926951701467787242e-38,5.435737636605391584698679163291960178962300846160775226849827926951701467787242e-38,32
9.750000000000004,3.44202260565840234285224963524385533020222283084876835346221923828125e-08,4.465501000682327229820925577282144953763111846617879282483969063728773996747559e-39,4.465501000682327229820925577282144953763111846617879282483969063728773996747559e-39,4.465501000682327229820925577282144953763111846617879282483969063728773996747559e-39,4.465501000682327229820925577282144953763111846617879282483969063728773996747559e-39,4.465501000682327229820925577282144953763111846617879282483969063728773996747559e-39,32
9.800000000000004,3.50771345602922305807335086325071671353725832886993885040283203125e-08,9.918233585063023442207448939009685723359731757764754517840208632064645040376148e-39,9.918233585063023442207448939009685723359731757764754517840208632064645040376148e-39,9.918233585063023442207448939009685723359731757764754517840208632064645040376148e-39,9.918233585063023442207448939009685723359731757764754517840208632064645040376148e-39,9.918233585063023442207448939009685723359731757764754517840208632064645040376148e-39,32
9.850000000000005,3.574875540538152074028738040822883448299762676469981670379638671875e-08,3.629797985644614121447138023786702980100660114290632353395454450651002350508606e-38,3.629797985644614121447138023786702980100660114290632353395454450651002350508606e-38,3.629797985644614121447138023786702980100660114290632353395454450651002350508606e-38,3.629797985644614121447138023786702980100660114290632353395454450651002350508606e-38,3.629797985644614121447138023786702980100660114290632353395454450651002350508606e-38,32
9.900000000000006,3.643707660225051217907113964254717242141623501083813607692718505859375e-08,-0.0,-0.0,-0.0,-0.0,-0.0,32
9.950000000000006,3.714407175987593481035619756742971464547053983551450073719024658203125e-08,3.656200690790039465904620486454010016409198370575617421472865978774021251972181e-39,3.656200690790039465904620486454010016409198370575617421472865978774021251972181e-39,3.656200690790039465904620486454010016409198370575617421472865978774021251972181e-39,3.656200690790039465904620486454010016409198370575617421472865978774021251972181e-39,3.656200690790039465904620486454010016409198370575617421472865978774021251972181e-39,32
10.000000000000007,3.78716668669695114260830416490211103308638485032133758068084716796875e-08,1.069883530240595135058972524516864392790383305667774116805781728960177560518738e-38,1.069883530240595135058972524516864392790383305667774116805781728960177560518738e-38,1.069883530240595135058972524516864392790383305667774116805781728960177560518738e-38,1.069883530240595135058972524516864392790383305667774116805781728960177560518738e-38,1.069883530240595135058972524516864392790383305667774116805781728960177560518738e-38,32
